Package_ID,COD_amount
PKG-EE7717,137461
PKG-5B0F13,140689
PKG-C734DD,0
PKG-BCAEB3,141622
PKG-E41CA2,137251
PKG-8C7C1E,140255
PKG-F3E625,139473
PKG-A03291,138674
PKG-986994,131853
PKG-53B4E7,141622
PKG-2478BE,141723
PKG-5CA9E7,116453
PKG-F19792,141723
PKG-14123A,137150
PKG-7EF7FD,137150
PKG-18331A,144026
PKG-0D45A5,137150
PKG-5BC6A4,137150
PKG-A1BB51,116453
PKG-A13CD7,147966
PKG-1D509C,141622
PKG-45064D,128805
PKG-0F648B,137150
PKG-BC57C0,137251
PKG-5B5B59,137150
PKG-4279C0,141723
PKG-97E371,127563
PKG-19E322,137251
PKG-7297F8,137150
PKG-4C9AF1,137150
PKG-9AB29B,137150
PKG-47951C,137150
PKG-293A33,128805
PKG-8A186B,136425
PKG-788F6F,139804
PKG-CAD934,137360
PKG-1CB357,127563
PKG-0315AF,135663
PKG-21304B,136425
PKG-D32816,139804
PKG-C5769A,136425
PKG-9B21C8,133906
PKG-43BB20,141474
PKG-2441C2,126553
PKG-590024,136425
PKG-77C65A,128805
PKG-364A76,136425
PKG-373C5B,128805
PKG-2ABDBE,128805
PKG-4E5070,109924
PKG-B4B4F3,136425
PKG-CF50DA,139481
PKG-F2BBC5,139804
PKG-49BC00,136425
PKG-F4C353,137663
PKG-5953EA,128805
PKG-46FEFC,139804
PKG-C45073,132299
PKG-4549A6,135389
PKG-C05B25,128805
PKG-A7B0E7,128805
PKG-51339E,128805
PKG-10C025,129695
PKG-3E32D2,137259
PKG-DC2FAA,136714
PKG-CC7492,140390
PKG-2F4749,139804
PKG-157F5A,136425
PKG-742F18,133805
PKG-50E92B,138168
PKG-89BD40,133805
PKG-0CB831,139951
PKG-356FAA,139368
PKG-7FCE76,143420
PKG-CB5349,138168
PKG-0C673A,133805
PKG-881893,133805
PKG-ABA99C,133805
PKG-3F8BAF,141822
PKG-12300E,130896
PKG-1F59D5,145440
PKG-856DD2,133805
PKG-89A7E2,140491
PKG-BCA99C,138168
PKG-00CA28,145440
PKG-74478D,137360
PKG-78AC35,133805
PKG-790F65,138168
PKG-4CBD07,136425
PKG-3D0F16,138168
PKG-C4B654,133805
PKG-4003E2,145440
PKG-021194,133906
PKG-DE457D,138168
PKG-3E70DB,133805
PKG-8DB9C7,141703
PKG-B98911,139082
PKG-7C87E7,133805
PKG-C049BB,145541
PKG-E55DFF,145440
PKG-9E6EC4,132610
PKG-8AD9EC,142117
PKG-18D7E5,104282
PKG-98BD48,139071
PKG-6A0CA1,138168
PKG-AC80FB,134835
PKG-054387,142242
PKG-8C3A8F,145440
PKG-BCA04F,133805
PKG-097DA1,133805
PKG-121A6A,133906
PKG-F1CEA4,141905
PKG-DB7981,138168
PKG-14A55E,137057
PKG-91458A,138168
PKG-751074,138168
PKG-C3AA30,133805
PKG-C351AC,138340
PKG-990C3F,138168
PKG-E85B72,136425
PKG-5D1916,136425
PKG-165927,133805
PKG-1946A0,133805
PKG-25CB80,138168
PKG-3DED3F,145440
PKG-C61946,136901
PKG-AFB35E,133805
PKG-CBF631,133906
PKG-67138A,138168
PKG-35FB67,137360
PKG-9C7A86,138168
PKG-D749A4,139804
PKG-B70971,133805
PKG-88412C,133805
PKG-8FB9D6,128805
PKG-75404C,141160
PKG-65FCAE,135845
PKG-71098A,140996
PKG-420E18,138269
PKG-A0CC0E,133805
PKG-D904E1,133805
PKG-194B85,141185
PKG-1662A5,138168
PKG-8070FB,130843
PKG-7A65F7,138168
PKG-8CEB83,143521
PKG-B4281F,137663
PKG-214F87,138168
PKG-B73D27,137087
PKG-25B635,136148
PKG-08C8F0,139804
PKG-2902D7,140131
PKG-F25AFC,141703
PKG-F51A0F,130290
PKG-9046D4,133805
PKG-3EE93D,139804
PKG-281C1E,145440
PKG-7AFD65,136714
PKG-541291,139804
PKG-DBA07C,133805
PKG-BEFBEE,140430
