Batch,Package_ID,Driver_ID,Shipment_Status,OFD_Time,Delivered_Time,Status_Reason,Buyer_District,COD_Amount,Settlement_Status
2026-08-05,PKG-6470D4,DRV_00,Out for delivery,2026-08-05 13:42:28,,,Limo,504939,-
2026-08-05,PKG-951E9B,DRV_00,Out for delivery,2026-08-05 13:42:28,,,Limo,248803,-
2026-08-05,PKG-E72C92,DRV_00,Out for delivery,2026-08-05 13:42:28,,,Limo,265363,-
2026-08-05,PKG-7226CF,DRV_00,Out for delivery,2026-08-05 13:42:28,,,Limo,254290,-
2026-08-05,PKG-236BA9,DRV_00,Out for delivery,2026-08-05 13:42:28,,,Limo,249538,-
2026-08-05,PKG-52AA8C,DRV_00,Out for delivery,2026-08-05 13:42:28,,,Limo,507485,-
2026-08-05,PKG-CA7D87,DRV_00,Out for delivery,2026-08-05 13:42:28,,,Limo,264216,-
2026-08-05,PKG-F4865F,DRV_00,Out for delivery,2026-08-05 13:42:28,,,Limo,257807,-
2026-08-05,PKG-B8B0F3,DRV_00,Out for delivery,2026-08-05 13:42:28,,,Limo,263444,-
2026-08-05,PKG-E624AB,DRV_00,Out for delivery,2026-08-05 13:42:28,,,Limo,527224,-
2026-08-05,PKG-8C5039,DRV_00,Out for delivery,2026-08-05 13:42:28,,,Limo,264216,-
2026-08-05,PKG-53A759,DRV_00,Out for delivery,2026-08-05 13:42:28,,,Limo,265363,-
2026-08-05,PKG-FBECB1,DRV_00,Out for delivery,2026-08-05 13:42:28,,,Limo,248803,-
2026-08-05,PKG-40C5F2,DRV_00,Out for delivery,2026-08-05 13:42:28,,,Limo,265363,-
2026-08-05,PKG-591C23,DRV_00,Out for delivery,2026-08-05 13:42:28,,,Limo,265363,-
2026-08-05,PKG-155984,DRV_00,Out for delivery,2026-08-05 13:42:28,,,Limo,263444,-
2026-08-05,PKG-8D88A3,DRV_00,Out for delivery,2026-08-05 13:42:28,,,Limo,265363,-
2026-08-05,PKG-0DF9C3,DRV_00,Out for delivery,2026-08-05 13:42:28,,,Limo,259974,-
2026-08-05,PKG-F14E56,DRV_00,Out for delivery,2026-08-05 13:42:28,,,Limo,265363,-
2026-08-05,PKG-1AD348,DRV_00,Out for delivery,2026-08-05 13:42:28,,,Limo,251349,-
2026-08-05,PKG-294F89,DRV_00,Out for delivery,2026-08-05 13:42:28,,,Limo,248803,-
2026-08-05,PKG-073804,DRV_00,Out for delivery,2026-08-05 13:42:28,,,Limo,507485,-
2026-08-05,PKG-08280E,DRV_00,Out for delivery,2026-08-05 13:42:28,,,Limo,251349,-
2026-08-05,PKG-322F52,DRV_00,Out for delivery,2026-08-05 13:42:28,,,Limo,261590,-
2026-08-05,PKG-B627F5,DRV_00,Out for delivery,2026-08-05 13:42:28,,,Limo,253211,-
2026-08-05,PKG-02C6E3,DRV_00,Out for delivery,2026-08-05 13:42:28,,,Limo,248803,-
2026-08-05,PKG-3C0011,DRV_00,Out for delivery,2026-08-05 13:42:28,,,Limo,265363,-
2026-08-05,PKG-6A4142,DRV_00,Out for delivery,2026-08-05 13:42:28,,,Limo,507485,-
2026-08-05,PKG-BF6C2B,DRV_00,Out for delivery,2026-08-05 13:42:28,,,Limo,265363,-
2026-08-05,PKG-E97B1E,DRV_00,Out for delivery,2026-08-05 13:42:28,,,Limo,265363,-
2026-08-05,PKG-2C3488,DRV_00,Out for delivery,2026-08-05 13:42:28,,,Limo,265363,-
2026-08-05,PKG-61E474,DRV_00,Out for delivery,2026-08-05 13:42:28,,,Limo,507485,-
2026-08-05,PKG-A85EAF,DRV_00,Out for delivery,2026-08-05 13:42:28,,,Limo,265363,-
2026-08-05,PKG-3FC28C,DRV_00,Out for delivery,2026-08-05 13:42:28,,,Limo,265363,-
2026-08-05,PKG-A6E645,DRV_00,Out for delivery,2026-08-05 13:42:28,,,Limo,265363,-
2026-08-05,PKG-8506B4,DRV_00,Out for delivery,2026-08-05 13:42:28,,,Limo,265363,-
2026-08-05,PKG-018AA2,DRV_00,Out for delivery,2026-08-05 13:42:28,,,Limo,265363,-
2026-08-05,PKG-74F72A,DRV_00,Out for delivery,2026-08-05 13:42:28,,,Limo,265363,-
2026-08-05,PKG-F81738,DRV_00,Out for delivery,2026-08-05 13:42:28,,,Limo,250638,-
2026-08-05,PKG-995273,DRV_00,Out for delivery,2026-08-05 13:42:28,,,Limo,265363,-
2026-08-05,PKG-45BCFF,DRV_00,Out for delivery,2026-08-05 13:42:28,,,Limo,265363,-
2026-08-05,PKG-F2675E,DRV_00,Out for delivery,2026-08-05 13:42:28,,,Limo,526149,-
2026-08-05,PKG-6D68F9,DRV_00,Out for delivery,2026-08-05 13:42:28,,,Limo,265363,-
2026-08-05,PKG-7CF4EF,DRV_00,Out for delivery,2026-08-05 13:42:28,,,Limo,251349,-
2026-08-05,PKG-7A6078,DRV_00,Out for delivery,2026-08-05 13:42:28,,,Limo,248803,-
2026-08-05,PKG-BFD60D,DRV_00,Out for delivery,2026-08-05 13:42:28,,,Limo,249729,-
2026-08-05,PKG-D8E8DD,DRV_00,Out for delivery,2026-08-05 13:42:28,,,Limo,502414,-
2026-08-05,PKG-C1BF5C,DRV_00,Out for delivery,2026-08-05 13:42:28,,,Limo,263343,-
2026-08-05,PKG-3C24B6,DRV_00,Out for delivery,2026-08-05 13:42:28,,,Limo,251547,-
2026-08-05,PKG-1B6D48,DRV_00,Out for delivery,2026-08-05 13:42:28,,,Limo,248803,-
2026-08-05,PKG-D68032,DRV_00,Out for delivery,2026-08-05 13:42:28,,,Limo,254290,-
2026-08-05,PKG-520B94,DRV_00,Out for delivery,2026-08-05 13:42:28,,,Limo,504939,-
2026-08-05,PKG-BA05E7,DRV_00,Out for delivery,2026-08-05 13:42:28,,,Limo,256992,-
2026-08-05,PKG-7F68BA,DRV_00,Out for delivery,2026-08-05 13:42:28,,,Limo,251349,-
2026-08-05,PKG-198FC3,DRV_00,Out for delivery,2026-08-05 13:42:28,,,Limo,501505,-
2026-08-05,PKG-9D1DAB,DRV_00,Out for delivery,2026-08-05 13:42:28,,,Limo,255672,-
2026-08-05,PKG-7457F9,DRV_00,Out for delivery,2026-08-05 13:42:28,,,Limo,248803,-
2026-08-05,PKG-C075F8,DRV_00,Out for delivery,2026-08-05 13:42:28,,,Limo,516082,-
2026-08-05,PKG-E9A113,DRV_00,Out for delivery,2026-08-05 13:42:28,,,Limo,516082,-
2026-08-05,PKG-B3BE13,DRV_00,Out for delivery,2026-08-05 13:42:28,,,Limo,504939,-
2026-08-05,PKG-7F6355,DRV_00,Out for delivery,2026-08-05 13:42:28,,,Limo,260277,-
2026-08-05,PKG-53E62B,DRV_00,Out for delivery,2026-08-05 13:42:28,,,Limo,502414,-
2026-08-05,PKG-049B89,DRV_00,Out for delivery,2026-08-05 13:42:28,,,Limo,520661,-
2026-08-05,PKG-7187BF,DRV_00,Out for delivery,2026-08-05 13:42:28,,,Limo,504939,-
2026-08-05,PKG-6FD777,DRV_00,Out for delivery,2026-08-05 13:42:28,,,Limo,248803,-
2026-08-05,PKG-320C9A,DRV_00,Out for delivery,2026-08-05 13:42:28,,,Limo,248803,-
2026-08-05,PKG-6382D3,DRV_00,Out for delivery,2026-08-05 13:42:28,,,Limo,265363,-
2026-08-05,PKG-9BCA0B,DRV_00,Out for delivery,2026-08-05 13:42:28,,,Limo,265610,-
2026-08-05,PKG-D9FEAF,DRV_00,Out for delivery,2026-08-05 13:42:28,,,Limo,267145,-
2026-08-05,PKG-650283,DRV_00,Out for delivery,2026-08-05 13:42:28,,,Limo,265363,-
2026-08-05,PKG-EAB65F,DRV_00,Out for delivery,2026-08-05 13:42:28,,,Limo,265363,-
2026-08-05,PKG-A1671B,DRV_00,Out for delivery,2026-08-05 13:42:28,,,Limo,265363,-
2026-08-05,PKG-678FB7,DRV_00,Out for delivery,2026-08-05 13:42:28,,,Limo,248803,-
2026-08-05,PKG-03E3E6,DRV_00,Out for delivery,2026-08-05 13:42:28,,,Limo,264216,-
2026-08-05,PKG-18BCEC,DRV_00,Out for delivery,2026-08-05 13:42:28,,,Limo,265363,-
2026-08-05,PKG-4E2F82,DRV_00,Out for delivery,2026-08-05 13:42:28,,,Limo,265363,-
2026-08-05,PKG-4BEAC3,DRV_00,Out for delivery,2026-08-05 13:42:28,,,Limo,265363,-
2026-08-05,PKG-B41E2D,DRV_00,Out for delivery,2026-08-05 13:42:28,,,Limo,265363,-
2026-08-05,PKG-F23CAC,DRV_00,Out for delivery,2026-08-05 13:42:28,,,Limo,263343,-
2026-08-05,PKG-586A29,DRV_00,Out for delivery,2026-08-05 13:42:28,,,Limo,265832,-
2026-08-05,PKG-88FE85,DRV_00,Out for delivery,2026-08-05 13:42:28,,,Limo,248803,-
2026-08-10,PKG-3525C9,DRV_41,Out for delivery,2026-08-10 07:37:28,,,Limo,131211,-
2026-08-10,PKG-742663,DRV_41,Out for delivery,2026-08-10 07:37:28,,,Limo,142814,-
2026-08-10,PKG-C7D972,DRV_41,Out for delivery,2026-08-10 07:37:28,,,Limo,143481,-
2026-08-10,PKG-E753CC,DRV_41,Out for delivery,2026-08-10 07:37:28,,,Limo,145056,-
2026-08-10,PKG-72E203,DRV_41,Out for delivery,2026-08-10 07:37:28,,,Limo,141905,-
2026-08-10,PKG-ED33B0,DRV_41,Out for delivery,2026-08-10 07:37:28,,,Limo,135764,-
2026-08-10,PKG-A6D7BD,DRV_41,Out for delivery,2026-08-10 07:37:28,,,Limo,134290,-
2026-08-10,PKG-2EA080,DRV_41,Out for delivery,2026-08-10 07:37:28,,,Limo,142060,-
2026-08-10,PKG-A5C6F7,DRV_41,Out for delivery,2026-08-10 07:37:28,,,Limo,140410,-
2026-08-10,PKG-81C4E9,DRV_41,Out for delivery,2026-08-10 07:37:28,,,Limo,128361,-
2026-08-10,PKG-883CC8,DRV_41,Out for delivery,2026-08-10 07:37:28,,,Limo,141632,-
2026-08-10,PKG-07517C,DRV_41,Out for delivery,2026-08-10 07:37:28,,,Limo,131110,-
2026-08-10,PKG-E795B1,DRV_41,Out for delivery,2026-08-10 07:37:28,,,Limo,142612,-
2026-08-10,PKG-DE5D62,DRV_41,Out for delivery,2026-08-10 07:37:28,,,Limo,131211,-
2026-08-10,PKG-1D4FF9,DRV_41,Out for delivery,2026-08-10 07:37:28,,,Limo,141501,-
2026-08-10,PKG-ADF061,DRV_41,Out for delivery,2026-08-10 07:37:28,,,Limo,131211,-
2026-08-10,PKG-8A6444,DRV_41,Out for delivery,2026-08-10 07:37:28,,,Limo,131211,-
2026-08-10,PKG-E2C904,DRV_41,Out for delivery,2026-08-10 07:37:28,,,Limo,129786,-
2026-08-10,PKG-2333A5,DRV_41,Out for delivery,2026-08-10 07:37:28,,,Limo,134431,-
2026-08-10,PKG-52DE9E,DRV_41,Out for delivery,2026-08-10 09:58:13,,,Limo,142612,-
2026-08-10,PKG-2AFFA9,DRV_41,Out for delivery,2026-08-10 07:37:28,,,Limo,134061,-
2026-08-10,PKG-DF5304,DRV_41,Out for delivery,2026-08-10 07:37:28,,,Limo,142208,-
2026-08-10,PKG-D7DAA1,DRV_41,Out for delivery,2026-08-10 07:37:28,,,Limo,131211,-
2026-08-10,PKG-074FB7,DRV_41,Out for delivery,2026-08-10 07:37:28,,,Limo,144127,-
2026-08-10,PKG-9AF004,DRV_41,Out for delivery,2026-08-10 09:58:13,,,Limo,131211,-
2026-08-10,PKG-61F029,DRV_41,Out for delivery,2026-08-10 07:37:28,,,Limo,131110,-
2026-08-10,PKG-689C72,DRV_41,Out for delivery,2026-08-10 07:37:28,,,Limo,144127,-
2026-08-10,PKG-518C30,DRV_41,Out for delivery,2026-08-10 07:37:28,,,Limo,136912,-
2026-08-10,PKG-1FFADC,DRV_41,Out for delivery,2026-08-10 07:37:28,,,Limo,131211,-
2026-08-10,PKG-267815,DRV_41,Out for delivery,2026-08-10 09:58:13,,,Limo,139380,-
2026-08-10,PKG-549612,DRV_41,Out for delivery,2026-08-10 07:37:28,,,Limo,142612,-
2026-08-10,PKG-2F4DCB,DRV_41,Out for delivery,2026-08-10 07:37:28,,,Limo,140723,-
2026-08-10,PKG-E7AB83,DRV_41,Out for delivery,2026-08-10 07:37:28,,,Limo,138459,-
2026-08-10,PKG-A0E290,DRV_41,Out for delivery,2026-08-10 09:58:13,,,Limo,134061,-
2026-08-10,PKG-1233A3,DRV_41,Out for delivery,2026-08-10 07:37:28,,,Limo,131211,-
2026-08-10,PKG-D13C29,DRV_41,Out for delivery,2026-08-10 07:37:28,,,Limo,131211,-
2026-08-10,PKG-6C8C8D,DRV_41,Out for delivery,2026-08-10 07:37:28,,,Limo,135764,-
2026-08-10,PKG-0C9D7A,DRV_41,Out for delivery,2026-08-10 07:37:28,,,Limo,128361,-
2026-08-10,PKG-2E99F9,DRV_41,Out for delivery,2026-08-10 07:37:28,,,Limo,128361,-
2026-08-10,PKG-233DF7,DRV_41,Out for delivery,2026-08-10 09:58:13,,,Limo,131211,-
2026-08-10,PKG-693720,DRV_41,Out for delivery,2026-08-10 07:37:28,,,Limo,132411,-
2026-08-10,PKG-6C827B,DRV_41,Out for delivery,2026-08-10 07:37:28,,,Limo,140390,-
2026-08-10,PKG-782ED9,DRV_41,Out for delivery,2026-08-10 09:58:13,,,Limo,142511,-
2026-08-10,PKG-0A9233,DRV_41,Out for delivery,2026-08-10 07:37:28,,,Limo,125543,-
2026-08-10,PKG-D0F2AD,DRV_41,Out for delivery,2026-08-10 09:58:13,,,Limo,140390,-
2026-08-10,PKG-674B14,DRV_41,Out for delivery,2026-08-10 07:37:28,,,Limo,134075,-
2026-08-10,PKG-2930D9,DRV_41,Out for delivery,2026-08-10 07:37:28,,,Limo,131211,-
2026-08-10,PKG-58AFA0,DRV_41,Out for delivery,2026-08-10 07:37:28,,,Limo,142612,-
2026-08-10,PKG-6502A5,DRV_41,Out for delivery,2026-08-10 07:37:28,,,Limo,131211,-
2026-08-10,PKG-E92BD2,DRV_41,Out for delivery,2026-08-10 07:37:28,,,Limo,131211,-
2026-08-10,PKG-4C16EB,DRV_41,Out for delivery,2026-08-10 07:37:28,,,Limo,144127,-
2026-08-10,PKG-2687E9,DRV_41,Out for delivery,2026-08-10 07:37:28,,,Limo,142612,-
2026-08-10,PKG-258CFA,DRV_41,Out for delivery,2026-08-10 09:58:13,,,Limo,131211,-
2026-08-10,PKG-F5D0C5,DRV_41,Out for delivery,2026-08-10 07:37:28,,,Limo,135441,-
2026-08-10,PKG-869E62,DRV_41,Out for delivery,2026-08-10 07:37:28,,,Limo,144127,-
2026-08-10,PKG-932373,DRV_41,Out for delivery,2026-08-10 07:37:28,,,Limo,131211,-
2026-08-10,PKG-5FD760,DRV_41,Out for delivery,2026-08-10 07:37:28,,,Limo,136552,-
2026-08-10,PKG-E5723C,DRV_41,Out for delivery,2026-08-10 07:37:28,,,Cinere,157762,-
2026-08-10,PKG-32156E,DRV_41,Out for delivery,2026-08-10 07:37:28,,,Limo,133773,-
2026-08-10,PKG-666F8A,DRV_41,Out for delivery,2026-08-10 07:37:28,,,Limo,132512,-
2026-08-10,PKG-0AFED8,DRV_41,Out for delivery,2026-08-10 07:37:28,,,Limo,144127,-
2026-08-10,PKG-333777,DRV_41,Out for delivery,2026-08-10 07:37:28,,,Limo,142612,-
2026-08-10,PKG-8C8DB1,DRV_41,Out for delivery,2026-08-10 07:37:28,,,Limo,142612,-
2026-08-10,PKG-47EDFC,DRV_41,Out for delivery,2026-08-10 09:58:13,,,Limo,72114,-
2026-08-10,PKG-61C21B,DRV_41,Out for delivery,2026-08-10 07:37:28,,,Limo,133785,-
2026-08-10,PKG-CD633E,DRV_41,Out for delivery,2026-08-10 07:37:28,,,Limo,142612,-
2026-08-10,PKG-06A022,DRV_41,Out for delivery,2026-08-10 09:58:13,,,Limo,142612,-
2026-08-10,PKG-4EBA35,DRV_41,Out for delivery,2026-08-10 07:37:28,,,Limo,142511,-
2026-08-10,PKG-1C1980,DRV_41,Out for delivery,2026-08-10 07:37:28,,,Limo,142612,-
2026-08-10,PKG-6941D6,DRV_41,Out for delivery,2026-08-10 07:37:28,,,Limo,128361,-
2026-08-10,PKG-D82242,DRV_41,Out for delivery,2026-08-10 07:37:28,,,Limo,145319,-
2026-08-10,PKG-E2C5C6,DRV_41,Out for delivery,2026-08-10 07:37:28,,,Limo,131211,-
2026-08-10,PKG-233B41,DRV_41,Out for delivery,2026-08-10 12:27:00,,,Pancoran Mas,142511,-
2026-08-10,PKG-CF6F41,DRV_41,Out for delivery,2026-08-10 07:37:28,,,Limo,125846,-
2026-08-10,PKG-49B523,DRV_41,Out for delivery,2026-08-10 07:37:28,,,Limo,142612,-
2026-08-10,PKG-34271C,DRV_41,Out for delivery,2026-08-10 09:58:13,,,Limo,138177,-
2026-08-10,PKG-58DA5D,DRV_41,Out for delivery,2026-08-10 12:27:00,,,Limo,129786,-
2026-08-10,PKG-4CA215,DRV_41,Out for delivery,2026-08-10 09:58:13,,,Limo,131211,-
2026-08-10,PKG-4313BA,DRV_41,Out for delivery,2026-08-10 09:58:13,,,Limo,142562,-
2026-08-10,PKG-A0C545,DRV_41,Out for delivery,2026-08-10 07:37:28,,,Limo,131211,-
2026-08-10,PKG-CFEC2D,DRV_41,Out for delivery,2026-08-10 07:37:28,,,Limo,144127,-
2026-08-10,PKG-736095,DRV_41,Out for delivery,2026-08-10 09:58:13,,,Limo,131211,-
2026-08-10,PKG-B75C9F,DRV_41,Out for delivery,2026-08-10 09:58:13,,,Limo,131211,-
2026-08-10,PKG-4E4667,DRV_41,Out for delivery,2026-08-10 09:58:13,,,Limo,131211,-
2026-08-10,PKG-0EE168,DRV_41,Out for delivery,2026-08-10 09:58:13,,,Limo,142511,-
2026-08-10,PKG-D55C9C,DRV_41,Out for delivery,2026-08-10 09:58:13,,,Limo,129786,-
2026-08-10,PKG-A587D3,DRV_41,Out for delivery,2026-08-10 12:27:00,,,Limo,143521,-
2026-08-10,PKG-0F997C,DRV_41,Out for delivery,2026-08-10 09:58:13,,,Limo,144127,-
2026-08-10,PKG-EAC5E8,DRV_41,Out for delivery,2026-08-10 09:58:13,,,Limo,136350,-
2026-08-10,PKG-4C2FBE,DRV_41,Out for delivery,2026-08-10 09:58:13,,,Limo,142612,-
2026-08-10,PKG-DBF61E,DRV_41,Out for delivery,2026-08-10 09:58:13,,,Limo,142511,-
2026-08-10,PKG-B1B7E9,DRV_41,Out for delivery,2026-08-10 09:58:13,,,Limo,131211,-
2026-08-10,PKG-17B27F,DRV_41,Out for delivery,2026-08-10 09:58:13,,,Limo,131211,-
2026-08-10,PKG-EC3D3E,DRV_41,Out for delivery,2026-08-10 09:58:13,,,Limo,142612,-
2026-08-10,PKG-7610A2,DRV_41,Out for delivery,2026-08-10 09:58:13,,,Limo,132007,-
2026-08-10,PKG-301E42,DRV_41,Out for delivery,2026-08-10 09:58:13,,,Limo,144127,-
2026-08-10,PKG-A62077,DRV_41,Out for delivery,2026-08-10 09:58:13,,,Limo,142612,-
2026-08-10,PKG-760CE0,DRV_41,Out for delivery,2026-08-10 09:58:13,,,Limo,140996,-
2026-08-10,PKG-D99DCD,DRV_41,Out for delivery,2026-08-10 08:29:06,,,Limo,135764,-
2026-08-10,PKG-17736B,DRV_41,Out for delivery,2026-08-10 08:29:06,,,Limo,129786,-
2026-08-10,PKG-0A0F5E,DRV_41,Out for delivery,2026-08-10 09:58:13,,,Limo,140996,-
2026-08-10,PKG-935DAC,DRV_41,Out for delivery,2026-08-10 09:58:13,,,Limo,142006,-
2026-08-10,PKG-7366AB,DRV_41,Out for delivery,2026-08-10 09:58:13,,,Limo,142612,-
2026-08-10,PKG-973317,DRV_41,Out for delivery,2026-08-10 07:37:28,,,Limo,142612,-
2026-08-10,PKG-461835,DRV_41,Out for delivery,2026-08-10 09:58:13,,,Limo,131899,-
2026-08-10,PKG-DD4AD8,DRV_41,Out for delivery,2026-08-10 09:58:13,,,Limo,145036,-
2026-08-10,PKG-9ACDFE,DRV_41,Out for delivery,2026-08-10 09:58:13,,,Limo,143521,-
2026-08-10,PKG-8D1AA1,DRV_41,Out for delivery,2026-08-10 09:58:13,,,Limo,144127,-
2026-08-10,PKG-D7CCD1,DRV_41,Out for delivery,2026-08-10 09:58:13,,,Limo,144127,-
2026-08-10,PKG-1E13A8,DRV_41,Out for delivery,2026-08-10 07:37:28,,,Limo,131211,-
2026-08-10,PKG-D8DAD1,DRV_41,Out for delivery,2026-08-10 09:58:13,,,Limo,128361,-
2026-08-10,PKG-B020A6,DRV_41,Out for delivery,2026-08-10 09:58:13,,,Limo,142612,-
2026-08-10,PKG-31C029,DRV_41,Out for delivery,2026-08-10 09:58:13,,,Limo,128361,-
2026-08-10,PKG-19685E,DRV_41,Out for delivery,2026-08-10 08:29:06,,,Limo,142612,-
2026-08-10,PKG-653434,DRV_41,Out for delivery,2026-08-10 07:37:28,,,Limo,142612,-
2026-08-10,PKG-32A912,DRV_41,Out for delivery,2026-08-10 09:58:13,,,Limo,145319,-
2026-08-10,PKG-1B55DE,DRV_41,Out for delivery,2026-08-10 09:58:13,,,Limo,131211,-
2026-08-10,PKG-6278F5,DRV_41,Out for delivery,2026-08-10 09:58:13,,,Limo,129786,-
2026-08-10,PKG-87584D,DRV_41,Out for delivery,2026-08-10 09:58:13,,,Limo,142511,-
2026-08-10,PKG-F27B83,DRV_41,Out for delivery,2026-08-10 09:58:13,,,Limo,142612,-
2026-08-10,PKG-B41431,DRV_41,Out for delivery,2026-08-10 09:58:13,,,Limo,142612,-
2026-08-10,PKG-4C7F5B,DRV_41,Out for delivery,2026-08-10 07:37:28,,,Limo,142562,-
2026-08-10,PKG-25E8DA,DRV_41,Out for delivery,2026-08-10 09:58:13,,,Limo,142612,-
2026-08-10,PKG-8441F9,DRV_41,Out for delivery,2026-08-10 09:58:13,,,Limo,142309,-
2026-08-10,PKG-C8FFED,DRV_41,Out for delivery,2026-08-10 07:37:28,,,Limo,131211,-
2026-08-10,PKG-28FC11,DRV_41,Out for delivery,2026-08-10 12:27:00,,,Pancoran Mas,131211,-
2026-08-10,PKG-F3CC7A,DRV_41,Out for delivery,2026-08-10 09:58:13,,,Limo,142612,-
2026-08-10,PKG-C16AC9,DRV_41,Out for delivery,2026-08-10 07:37:28,,,Cinere,135340,-
2026-08-10,PKG-8E3C41,DRV_41,Out for delivery,2026-08-10 08:41:08,,,Limo,131211,-
2026-08-10,PKG-077191,DRV_41,Out for delivery,2026-08-10 07:37:28,,,Limo,142612,-
2026-08-10,PKG-EE35F2,DRV_41,Out for delivery,2026-08-10 09:58:13,,,Limo,142612,-
2026-08-10,PKG-35FF23,DRV_41,Out for delivery,2026-08-10 07:37:28,,,Limo,142612,-
2026-08-10,PKG-038BF7,DRV_41,Out for delivery,2026-08-10 09:58:13,,,Limo,142612,-
2026-08-10,PKG-B544F1,DRV_41,Out for delivery,2026-08-10 09:58:13,,,Limo,134532,-
2026-08-10,PKG-69B969,DRV_41,Out for delivery,2026-08-10 07:37:28,,,Limo,142612,-
2026-08-10,PKG-058B4F,DRV_41,Out for delivery,2026-08-10 07:37:28,,,Limo,128361,-
2026-08-10,PKG-ACDEDD,DRV_41,Out for delivery,2026-08-10 09:58:13,,,Limo,134330,-
2026-08-10,PKG-14D58D,DRV_41,Out for delivery,2026-08-10 09:58:13,,,Limo,131211,-
2026-08-10,PKG-805DDD,DRV_41,Out for delivery,2026-08-10 07:37:28,,,Limo,142612,-
2026-08-10,PKG-882B19,DRV_41,Out for delivery,2026-08-10 07:37:28,,,Limo,134532,-
2026-08-10,PKG-172514,DRV_41,Out for delivery,2026-08-10 09:58:13,,,Limo,142612,-
2026-08-10,PKG-5A9853,DRV_41,Out for delivery,2026-08-10 07:37:28,,,Limo,142612,-
2026-08-10,PKG-FBBB63,DRV_41,Out for delivery,2026-08-10 09:58:13,,,Limo,131211,-
2026-08-10,PKG-2FBBBF,DRV_41,Out for delivery,2026-08-10 07:37:28,,,Limo,142511,-
2026-08-10,PKG-845F78,DRV_41,Out for delivery,2026-08-10 09:58:13,,,Limo,142612,-
2026-08-10,PKG-EDAF04,DRV_41,Out for delivery,2026-08-10 07:37:28,,,Limo,131211,-
2026-08-10,PKG-C20ED3,DRV_41,Out for delivery,2026-08-10 07:37:28,,,Limo,126755,-
2026-08-10,PKG-2A47D6,DRV_41,Out for delivery,2026-08-10 07:37:28,,,Limo,131211,-
2026-08-10,PKG-538C5C,DRV_41,Out for delivery,2026-08-10 07:37:28,,,Limo,128361,-
2026-08-10,PKG-33342E,DRV_41,Out for delivery,2026-08-10 07:37:28,,,Limo,135441,-
2026-08-10,PKG-365642,DRV_41,Out for delivery,2026-08-10 09:58:13,,,Limo,132512,-
2026-08-10,PKG-3B25AC,DRV_41,Out for delivery,2026-08-10 12:27:00,,,Limo,128361,-
2026-08-10,PKG-BFA97B,DRV_41,Out for delivery,2026-08-10 07:37:28,,,Limo,142511,-
2026-08-10,PKG-4E6E53,DRV_41,Out for delivery,2026-08-10 09:58:13,,,Limo,137002,-
2026-08-10,PKG-924669,DRV_41,Out for delivery,2026-08-10 12:27:00,,,Limo,129786,-
2026-08-10,PKG-29FDE2,DRV_41,Out for delivery,2026-08-10 09:58:13,,,Limo,136912,-
2026-08-10,PKG-FFE0AD,DRV_41,Out for delivery,2026-08-10 12:27:00,,,Limo,142612,-
2026-08-10,PKG-06D7D5,DRV_41,Out for delivery,2026-08-10 12:27:00,,,Limo,145541,-
2026-08-10,PKG-C4A365,DRV_41,Out for delivery,2026-08-10 07:37:28,,,Limo,142612,-
2026-08-10,PKG-49BD54,DRV_41,Out for delivery,2026-08-10 12:27:00,,,Limo,129786,-
2026-08-10,PKG-2A6852,DRV_41,Out for delivery,2026-08-10 07:37:28,,,Limo,137057,-
2026-08-10,PKG-39E0C1,DRV_41,Out for delivery,2026-08-10 09:58:13,,,Limo,142612,-
2026-08-10,PKG-5FDA52,DRV_41,Out for delivery,2026-08-10 07:37:28,,,Limo,136811,-
2026-08-10,PKG-474634,DRV_41,Out for delivery,2026-08-10 07:37:28,,,Limo,142511,-
2026-08-10,PKG-8F859D,DRV_41,Out for delivery,2026-08-10 07:37:28,,,Limo,142612,-
2026-08-10,PKG-54DC13,DRV_41,Out for delivery,2026-08-10 07:37:28,,,Limo,134061,-
2026-08-10,PKG-182369,DRV_41,Out for delivery,2026-08-10 12:27:00,,,Limo,142612,-
2026-08-10,PKG-FD157E,DRV_41,Out for delivery,2026-08-10 09:58:13,,,Limo,142511,-
2026-08-10,PKG-3EAAFC,DRV_41,Out for delivery,2026-08-10 09:58:13,,,Limo,142612,-
2026-08-10,PKG-9476DC,DRV_41,Out for delivery,2026-08-10 12:27:00,,,Limo,131211,-
2026-08-10,PKG-421C06,DRV_41,Out for delivery,2026-08-10 07:37:28,,,Limo,142612,-
2026-08-10,PKG-F93F24,DRV_41,Out for delivery,2026-08-10 09:58:13,,,Limo,142612,-
2026-08-10,PKG-B18468,DRV_41,Out for delivery,2026-08-10 09:58:13,,,Limo,136912,-
2026-08-10,PKG-EF9016,DRV_41,Out for delivery,2026-08-10 07:37:28,,,Limo,132512,-
2026-08-10,PKG-74B00D,DRV_41,Out for delivery,2026-08-10 07:37:28,,,Limo,142612,-
2026-08-10,PKG-FA45B5,DRV_41,Out for delivery,2026-08-10 07:37:28,,,Limo,128361,-
2026-08-10,PKG-74876C,DRV_41,Out for delivery,2026-08-10 07:37:28,,,Limo,142612,-
2026-08-10,PKG-BADDE6,DRV_41,Out for delivery,2026-08-10 12:27:00,,,Limo,129786,-
2026-08-10,PKG-4B620F,DRV_41,Out for delivery,2026-08-10 12:27:00,,,Pancoran Mas,129786,-
2026-08-10,PKG-F577D5,DRV_41,Out for delivery,2026-08-10 07:37:28,,,Limo,138471,-
2026-08-10,PKG-E26862,DRV_41,Out for delivery,2026-08-10 09:58:13,,,Limo,142612,-
2026-08-10,PKG-BC8648,DRV_41,Out for delivery,2026-08-10 09:58:13,,,Limo,108171,-
2026-08-10,PKG-A03832,DRV_41,Out for delivery,2026-08-10 09:58:13,,,Limo,131211,-
2026-08-10,PKG-C130E7,DRV_41,Out for delivery,2026-08-10 09:58:13,,,Limo,128361,-
2026-08-10,PKG-0802AD,DRV_41,Out for delivery,2026-08-10 07:37:28,,,Limo,142612,-
2026-08-10,PKG-737180,DRV_41,Out for delivery,2026-08-10 12:27:00,,,Limo,134431,-
2026-08-10,PKG-69D347,DRV_41,Out for delivery,2026-08-10 09:58:13,,,Limo,132512,-
2026-08-10,PKG-91F3C2,DRV_41,Out for delivery,2026-08-10 07:37:28,,,Limo,142612,-
2026-08-10,PKG-12DF82,DRV_41,Out for delivery,2026-08-10 09:58:13,,,Limo,131211,-
2026-08-10,PKG-08E449,DRV_41,Out for delivery,2026-08-10 09:58:13,,,Limo,136912,-
2026-08-10,PKG-D2EF28,DRV_41,Out for delivery,2026-08-10 07:37:28,,,Limo,131211,-
2026-08-10,PKG-77EAB6,DRV_41,Out for delivery,2026-08-10 09:58:13,,,Limo,131211,-
2026-08-10,PKG-7F4F93,DRV_41,Out for delivery,2026-08-10 07:37:28,,,Limo,138774,-
2026-08-10,PKG-3A1512,DRV_41,Out for delivery,2026-08-10 07:37:28,,,Limo,131211,-
2026-08-10,PKG-00DEE5,DRV_41,Out for delivery,2026-08-10 07:37:28,,,Limo,128361,-
2026-08-10,PKG-9FA2E3,DRV_41,Out for delivery,2026-08-10 07:37:28,,,Limo,131211,-
2026-08-10,PKG-B5C249,DRV_41,Out for delivery,2026-08-10 07:37:28,,,Limo,142612,-
2026-08-10,PKG-09088A,DRV_41,Out for delivery,2026-08-10 07:37:28,,,Limo,129786,-
2026-08-10,PKG-6CA048,DRV_41,Out for delivery,2026-08-10 09:58:13,,,Limo,131211,-
2026-08-10,PKG-467B2A,DRV_41,Out for delivery,2026-08-10 09:58:13,,,Limo,125846,-
2026-08-10,PKG-DEB55C,DRV_41,Out for delivery,2026-08-10 09:58:13,,,Limo,131211,-
2026-08-10,PKG-3B732D,DRV_41,Out for delivery,2026-08-10 09:58:13,,,Limo,138941,-
2026-08-10,PKG-D101D1,DRV_41,Out for delivery,2026-08-10 09:58:13,,,Limo,140703,-
2026-08-10,PKG-89D7BC,DRV_41,Out for delivery,2026-08-10 07:37:28,,,Limo,129786,-
2026-08-10,PKG-FC36CD,DRV_41,Out for delivery,2026-08-10 09:58:13,,,Limo,130492,-
2026-08-10,PKG-3C868A,DRV_41,Out for delivery,2026-08-10 07:37:28,,,Limo,139492,-
2026-08-10,PKG-1E257D,DRV_41,Out for delivery,2026-08-10 09:58:13,,,Limo,134431,-
2026-08-10,PKG-844E3B,DRV_41,Out for delivery,2026-08-10 09:58:13,,,Limo,134532,-
2026-08-10,PKG-95E160,DRV_41,Out for delivery,2026-08-10 08:29:06,,,Limo,128361,-
2026-08-10,PKG-2E8651,DRV_41,Out for delivery,2026-08-10 09:58:13,,,Limo,117261,-
2026-08-10,PKG-52B9AB,DRV_41,Out for delivery,2026-08-10 07:37:28,,,Limo,145541,-
2026-08-10,PKG-C9A0B8,DRV_41,Out for delivery,2026-08-10 09:58:13,,,Limo,142612,-
2026-08-10,PKG-CDA625,DRV_41,Out for delivery,2026-08-10 09:58:13,,,Limo,129209,-
2026-08-10,PKG-B367D3,DRV_41,Out for delivery,2026-08-10 08:29:06,,,Limo,136912,-
2026-08-10,PKG-3CB667,DRV_41,Out for delivery,2026-08-10 07:37:28,,,Limo,142511,-
2026-08-10,PKG-74098F,DRV_41,Out for delivery,2026-08-10 07:37:28,,,Limo,131110,-
2026-08-10,PKG-F71088,DRV_41,Out for delivery,2026-08-10 07:37:28,,,Limo,142612,-
2026-08-10,PKG-E5709B,DRV_41,Out for delivery,2026-08-10 09:58:13,,,Limo,138673,-
2026-08-10,PKG-F98223,DRV_41,Out for delivery,2026-08-10 07:37:28,,,Limo,134061,-
2026-08-10,PKG-35E4A8,DRV_41,Out for delivery,2026-08-10 07:37:28,,,Limo,131211,-
2026-08-10,PKG-BBE262,DRV_41,Out for delivery,2026-08-10 07:37:28,,,Limo,133310,-
2026-08-10,PKG-67EEAE,DRV_41,Out for delivery,2026-08-10 09:58:13,,,Limo,128361,-
2026-08-10,PKG-EF7B6C,DRV_41,Out for delivery,2026-08-10 09:58:13,,,Limo,131211,-
2026-08-10,PKG-12AFB7,DRV_41,Out for delivery,2026-08-10 07:37:28,,,Limo,134532,-
2026-08-10,PKG-4CB8E6,DRV_41,Out for delivery,2026-08-10 09:58:13,,,Limo,135431,-
2026-08-10,PKG-17C76D,DRV_41,Out for delivery,2026-08-10 07:37:28,,,Limo,131211,-
2026-08-10,PKG-B43BDC,DRV_41,Out for delivery,2026-08-10 07:37:28,,,Limo,132411,-
2026-08-10,PKG-C9E786,DRV_41,Out for delivery,2026-08-10 07:37:28,,,Limo,131211,-
2026-08-10,PKG-6C0E75,DRV_41,Out for delivery,2026-08-10 07:37:28,,,Limo,131211,-
2026-08-10,PKG-4B49F2,DRV_41,Out for delivery,2026-08-10 07:37:28,,,Limo,129786,-
2026-08-10,PKG-B60852,DRV_41,Out for delivery,2026-08-10 09:58:13,,,Limo,142612,-
2026-08-10,PKG-D807C0,DRV_41,Out for delivery,2026-08-10 09:58:13,,,Limo,142612,-
2026-08-10,PKG-40A79F,DRV_41,Out for delivery,2026-08-10 07:37:28,,,Limo,131211,-
2026-08-10,PKG-ECD1FE,DRV_41,Out for delivery,2026-08-10 07:37:28,,,Limo,134061,-
2026-08-10,PKG-A3D76D,DRV_41,Out for delivery,2026-08-10 09:58:13,,,Limo,133812,-
2026-08-10,PKG-B410D8,DRV_41,Out for delivery,2026-08-10 09:58:13,,,Limo,142612,-
2026-08-10,PKG-160AA9,DRV_41,Out for delivery,2026-08-10 07:37:28,,,Limo,131211,-
2026-08-10,PKG-944617,DRV_41,Out for delivery,2026-08-10 07:37:28,,,Limo,131211,-
2026-08-10,PKG-9A84DF,DRV_41,Out for delivery,2026-08-10 07:37:28,,,Limo,134431,-
2026-08-10,PKG-52963E,DRV_41,Out for delivery,2026-08-10 09:58:13,,,Limo,132512,-
2026-08-10,PKG-476005,DRV_41,Out for delivery,2026-08-10 09:58:13,,,Limo,131211,-
2026-08-10,PKG-59AC0C,DRV_41,Out for delivery,2026-08-10 09:58:13,,,Limo,138168,-
2026-08-10,PKG-F86F14,DRV_41,Out for delivery,2026-08-10 09:58:13,,,Limo,134061,-
2026-08-10,PKG-F964A2,DRV_41,Out for delivery,2026-08-10 09:58:13,,,Limo,131211,-
2026-08-10,PKG-70CC11,DRV_41,Out for delivery,2026-08-10 09:58:13,,,Limo,134532,-
2026-08-10,PKG-8691E8,DRV_41,Out for delivery,2026-08-10 09:58:13,,,Limo,131211,-
2026-08-10,PKG-87ADE2,DRV_41,Out for delivery,2026-08-10 09:58:13,,,Limo,144127,-
2026-08-10,PKG-1D80AB,DRV_41,Out for delivery,2026-08-10 07:37:28,,,Limo,139279,-
2026-08-10,PKG-6B4BCB,DRV_41,Out for delivery,2026-08-10 12:27:00,,,Pancoran Mas,131211,-
2026-08-10,PKG-428FEC,DRV_41,Out for delivery,2026-08-10 07:37:28,,,Limo,137753,-
2026-08-10,PKG-B8F42C,DRV_41,Out for delivery,2026-08-10 12:27:00,,,Pancoran Mas,135340,-
2026-08-10,PKG-670F36,DRV_41,Out for delivery,2026-08-10 07:37:28,,,Limo,129786,-
2026-08-10,PKG-9EB7E1,DRV_41,Out for delivery,2026-08-10 09:58:13,,,Limo,142612,-
2026-08-10,PKG-256971,DRV_41,Out for delivery,2026-08-10 07:37:28,,,Limo,131211,-
2026-08-10,PKG-2CBAFC,DRV_41,Out for delivery,2026-08-10 09:58:13,,,Limo,131833,-
2026-08-10,PKG-ED2FF2,DRV_41,Out for delivery,2026-08-10 09:58:13,,,Limo,131211,-
2026-08-10,PKG-E68637,DRV_41,Out for delivery,2026-08-10 09:58:13,,,Limo,138370,-
2026-08-10,PKG-4BC462,DRV_41,Out for delivery,2026-08-10 07:37:28,,,Limo,134431,-
2026-08-10,PKG-D73F9E,DRV_41,Out for delivery,2026-08-10 09:58:13,,,Limo,142511,-
2026-08-10,PKG-00D115,DRV_41,Out for delivery,2026-08-10 07:37:28,,,Limo,137916,-
2026-08-10,PKG-7F227B,DRV_41,Out for delivery,2026-08-10 07:37:28,,,Limo,128361,-
2026-08-10,PKG-AA8C40,DRV_41,Out for delivery,2026-08-10 09:58:13,,,Limo,142612,-
2026-08-10,PKG-A6C344,DRV_41,Out for delivery,2026-08-10 07:37:28,,,Limo,131211,-
2026-08-10,PKG-74995C,DRV_41,Out for delivery,2026-08-10 09:58:13,,,Limo,131211,-
2026-08-10,PKG-0FBA2E,DRV_41,Out for delivery,2026-08-10 12:27:00,,,Limo,131211,-
2026-08-10,PKG-7E9383,DRV_41,Out for delivery,2026-08-10 09:58:13,,,Limo,132322,-
2026-08-10,PKG-C781EC,DRV_41,Out for delivery,2026-08-10 07:37:28,,,Limo,132322,-
2026-08-10,PKG-794755,DRV_41,Out for delivery,2026-08-10 07:37:28,,,Limo,142612,-
2026-08-10,PKG-9F6130,DRV_41,Out for delivery,2026-08-10 09:58:13,,,Limo,132120,-
2026-08-10,PKG-2A5296,DRV_41,Out for delivery,2026-08-10 09:58:13,,,Limo,142612,-
2026-08-10,PKG-FCE0EC,DRV_41,Out for delivery,2026-08-10 07:37:28,,,Limo,142410,-
2026-08-10,PKG-B18562,DRV_41,Out for delivery,2026-08-10 09:58:13,,,Limo,131211,-
2026-08-10,PKG-23F897,DRV_41,Out for delivery,2026-08-10 07:37:28,,,Limo,128361,-
2026-08-10,PKG-A0D5DC,DRV_41,Out for delivery,2026-08-10 09:58:13,,,Limo,136912,-
2026-08-10,PKG-BE83DF,DRV_41,Out for delivery,2026-08-10 09:58:13,,,Limo,131211,-
2026-08-10,PKG-9AD906,DRV_41,Out for delivery,2026-08-10 09:58:13,,,Limo,131211,-
2026-08-10,PKG-EB1689,DRV_41,Out for delivery,2026-08-10 12:27:00,,,Pancoran Mas,142612,-
2026-08-10,PKG-6E2D64,DRV_41,Out for delivery,2026-08-10 07:37:28,,,Limo,140491,-
2026-08-10,PKG-32A845,DRV_41,Out for delivery,2026-08-10 07:37:28,,,Limo,140784,-
2026-08-10,PKG-0F4186,DRV_41,Out for delivery,2026-08-10 09:58:13,,,Limo,142612,-
2026-08-10,PKG-7D1B74,DRV_41,Out for delivery,2026-08-10 07:37:28,,,Limo,142511,-
2026-08-10,PKG-638389,DRV_41,Out for delivery,2026-08-10 09:58:13,,,Limo,142612,-
2026-08-10,PKG-4565E0,DRV_41,Out for delivery,2026-08-10 09:58:13,,,Limo,134061,-
2026-08-10,PKG-D57311,DRV_41,Out for delivery,2026-08-10 09:58:13,,,Limo,131211,-
2026-08-10,PKG-092C0F,DRV_41,Out for delivery,2026-08-10 09:58:13,,,Limo,132120,-
2026-08-10,PKG-ED2AEC,DRV_41,Out for delivery,2026-08-10 09:58:13,,,Limo,134431,-
2026-08-10,PKG-570FD7,DRV_41,Out for delivery,2026-08-10 08:41:08,,,Limo,128361,-
2026-08-10,PKG-BAF4C1,DRV_41,Out for delivery,2026-08-10 09:58:13,,,Limo,142612,-
2026-08-10,PKG-F9472A,DRV_41,Out for delivery,2026-08-10 07:37:28,,,Limo,142612,-
2026-08-10,PKG-BC5B43,DRV_41,Out for delivery,2026-08-10 09:58:13,,,Limo,131211,-
2026-08-10,PKG-A0B2A3,DRV_41,Out for delivery,2026-08-10 07:37:28,,,Limo,131211,-
2026-08-10,PKG-2F92C2,DRV_41,Out for delivery,2026-08-10 09:58:13,,,Limo,142612,-
2026-08-10,PKG-64F7F7,DRV_41,Out for delivery,2026-08-10 09:58:13,,,Limo,133375,-
2026-08-10,PKG-E06438,DRV_41,Out for delivery,2026-08-10 09:58:13,,,Limo,131211,-
2026-08-10,PKG-8152DE,DRV_41,Out for delivery,2026-08-10 07:37:28,,,Limo,133724,-
2026-08-10,PKG-B211FA,DRV_41,Out for delivery,2026-08-10 09:58:13,,,Limo,131211,-
2026-08-10,PKG-21A4B6,DRV_41,Out for delivery,2026-08-10 12:27:00,,,Pancoran Mas,142612,-
2026-08-10,PKG-8BF1E6,DRV_41,Out for delivery,2026-08-10 09:58:13,,,Limo,131211,-
2026-08-10,PKG-446250,DRV_41,Out for delivery,2026-08-10 09:58:13,,,Limo,131211,-
2026-08-10,PKG-3FFC56,DRV_41,Out for delivery,2026-08-10 07:37:28,,,Limo,144127,-
2026-08-10,PKG-BDB3A9,DRV_41,Out for delivery,2026-08-10 09:58:13,,,Limo,142612,-
2026-08-10,PKG-8DA9C8,DRV_41,Out for delivery,2026-08-10 09:58:13,,,Limo,142612,-
2026-08-10,PKG-A61932,DRV_41,Out for delivery,2026-08-10 12:27:00,,,Limo,131211,-
2026-08-10,PKG-77DA84,DRV_41,Out for delivery,2026-08-10 09:58:13,,,Limo,142511,-
2026-08-10,PKG-652281,DRV_41,Out for delivery,2026-08-10 09:58:13,,,Limo,131211,-
2026-08-10,PKG-19D75B,DRV_41,Out for delivery,2026-08-10 09:58:13,,,Limo,142612,-
2026-08-10,PKG-C1AB6F,DRV_41,Out for delivery,2026-08-10 09:58:13,,,Limo,142612,-
2026-08-10,PKG-342F62,DRV_41,Out for delivery,2026-08-10 09:58:13,,,Limo,133409,-
2026-08-10,PKG-4851EC,DRV_41,Out for delivery,2026-08-10 09:58:13,,,Limo,140289,-
2026-08-10,PKG-64EE37,DRV_41,Out for delivery,2026-08-10 09:58:13,,,Limo,131211,-
2026-08-10,PKG-7EEE1E,DRV_41,Out for delivery,2026-08-10 09:58:13,,,Limo,142612,-
2026-08-10,PKG-847501,DRV_41,Out for delivery,2026-08-10 07:37:28,,,Limo,129786,-
2026-08-10,PKG-DE6F27,DRV_41,Out for delivery,2026-08-10 12:27:00,,,Limo,129786,-
2026-08-10,PKG-AB80BE,DRV_41,Out for delivery,2026-08-10 07:37:28,,,Limo,128361,-
2026-08-10,PKG-0C56D3,DRV_41,Out for delivery,2026-08-10 09:58:13,,,Limo,142511,-
2026-08-10,PKG-759EBB,DRV_41,Out for delivery,2026-08-10 07:37:28,,,Limo,142612,-
2026-08-10,PKG-205820,DRV_41,Out for delivery,2026-08-10 09:58:13,,,Limo,132174,-
2026-08-10,PKG-5BED55,DRV_41,Out for delivery,2026-08-10 09:58:13,,,Limo,131211,-
2026-08-10,PKG-045E23,DRV_41,Out for delivery,2026-08-10 07:37:28,,,Limo,134431,-
2026-08-10,PKG-C6D35A,DRV_41,Out for delivery,2026-08-10 12:27:00,,,Pancoran Mas,134061,-
2026-08-10,PKG-30A055,DRV_41,Out for delivery,2026-08-10 07:37:28,,,Limo,136239,-
2026-08-10,PKG-8A4EE8,DRV_41,Out for delivery,2026-08-10 07:37:28,,,Limo,142612,-
2026-08-10,PKG-A74909,DRV_41,Out for delivery,2026-08-10 09:58:13,,,Limo,131211,-
2026-08-10,PKG-6E6F9B,DRV_41,Out for delivery,2026-08-10 07:37:28,,,Limo,131211,-
2026-08-10,PKG-713598,DRV_41,Out for delivery,2026-08-10 09:58:13,,,Limo,144127,-
2026-08-10,PKG-EF867F,DRV_41,Out for delivery,2026-08-10 07:37:28,,,Limo,128361,-
2026-08-10,PKG-D36D30,DRV_41,Out for delivery,2026-08-10 07:37:28,,,Limo,131211,-
2026-08-10,PKG-957947,DRV_41,Out for delivery,2026-08-10 07:37:28,,,Limo,131211,-
2026-08-10,PKG-777541,DRV_41,Out for delivery,2026-08-10 07:37:28,,,Limo,131211,-
2026-08-10,PKG-CC8EE4,DRV_41,Out for delivery,2026-08-10 09:58:13,,,Limo,128361,-
2026-08-10,PKG-AB3D56,DRV_41,Out for delivery,2026-08-10 07:37:28,,,Limo,131211,-
2026-08-10,PKG-3073B4,DRV_41,Out for delivery,2026-08-10 09:58:13,,,Limo,134431,-
2026-08-10,PKG-C8BE11,DRV_41,Out for delivery,2026-08-10 07:37:28,,,Limo,143521,-
2026-08-10,PKG-058638,DRV_41,Out for delivery,2026-08-10 07:37:28,,,Limo,134532,-
2026-08-10,PKG-5797F0,DRV_41,Out for delivery,2026-08-10 09:58:13,,,Limo,142612,-
2026-08-10,PKG-50173D,DRV_41,Out for delivery,2026-08-10 12:27:00,,,Pancoran Mas,138572,-
2026-08-10,PKG-1720E3,DRV_41,Out for delivery,2026-08-10 09:58:13,,,Limo,138269,-
2026-08-10,PKG-670470,DRV_41,Out for delivery,2026-08-10 07:37:28,,,Limo,134229,-
2026-08-10,PKG-DDBF9A,DRV_41,Out for delivery,2026-08-10 09:58:13,,,Limo,140186,-
2026-08-10,PKG-2A8800,DRV_41,Out for delivery,2026-08-10 09:58:13,,,Limo,131211,-
2026-08-10,PKG-82CFF8,DRV_41,Out for delivery,2026-08-10 09:58:13,,,Limo,131211,-
2026-08-10,PKG-B21246,DRV_41,Out for delivery,2026-08-10 07:37:28,,,Limo,129472,-
2026-08-10,PKG-739623,DRV_41,Out for delivery,2026-08-10 07:37:28,,,Limo,142612,-
2026-08-10,PKG-581F61,DRV_41,Out for delivery,2026-08-10 09:58:13,,,Limo,134061,-
2026-08-10,PKG-B03863,DRV_41,Out for delivery,2026-08-10 09:58:13,,,Limo,142511,-
2026-08-10,PKG-163048,DRV_41,Out for delivery,2026-08-10 07:37:28,,,Limo,139077,-
2026-08-10,PKG-2EEC05,DRV_41,Out for delivery,2026-08-10 09:58:13,,,Limo,131211,-
2026-08-10,PKG-797A0E,DRV_41,Out for delivery,2026-08-10 07:37:28,,,Limo,142612,-
2026-08-10,PKG-860C31,DRV_41,Out for delivery,2026-08-10 09:58:13,,,Limo,131211,-
2026-08-10,PKG-DFB2E9,DRV_41,Out for delivery,2026-08-10 09:58:13,,,Limo,142612,-
2026-08-10,PKG-016990,DRV_41,Out for delivery,2026-08-10 12:27:00,,,Pancoran Mas,128361,-
2026-08-10,PKG-022406,DRV_41,Out for delivery,2026-08-10 09:58:13,,,Limo,131211,-
2026-08-10,PKG-AC93AF,DRV_41,Out for delivery,2026-08-10 12:27:00,,,Pancoran Mas,129786,-
2026-08-10,PKG-5FB5AD,DRV_41,Out for delivery,2026-08-10 07:37:28,,,Limo,139986,-
2026-08-10,PKG-82810D,DRV_41,Out for delivery,2026-08-10 07:37:28,,,Limo,134061,-
2026-08-10,PKG-82FECC,DRV_41,Out for delivery,2026-08-10 07:37:28,,,Limo,128361,-
2026-08-10,PKG-6BDB2A,DRV_41,Out for delivery,2026-08-10 09:58:13,,,Limo,135542,-
2026-08-10,PKG-16F60D,DRV_41,Out for delivery,2026-08-10 07:37:28,,,Limo,131211,-
2026-08-10,PKG-D5D5C7,DRV_41,Out for delivery,2026-08-10 07:37:28,,,Limo,142562,-
2026-08-10,PKG-71011B,DRV_41,Out for delivery,2026-08-10 09:58:13,,,Limo,141501,-
2026-08-10,PKG-A5EE7C,DRV_41,Out for delivery,2026-08-10 09:58:13,,,Limo,129786,-
2026-08-10,PKG-57417F,DRV_41,Out for delivery,2026-08-10 08:29:06,,,Limo,142562,-
2026-08-10,PKG-992248,DRV_41,Out for delivery,2026-08-10 09:58:13,,,Limo,128361,-
2026-08-10,PKG-BC8F98,DRV_41,Out for delivery,2026-08-10 07:37:28,,,Limo,135880,-
2026-08-10,PKG-1725FC,DRV_41,Out for delivery,2026-08-10 08:29:06,,,Limo,131211,-
2026-08-10,PKG-1C9BCD,DRV_41,Out for delivery,2026-08-10 09:58:13,,,Limo,131211,-
2026-08-10,PKG-E8E9E6,DRV_41,Out for delivery,2026-08-10 07:37:28,,,Limo,128361,-
2026-08-10,PKG-1DDA64,DRV_41,Out for delivery,2026-08-10 07:37:28,,,Limo,137033,-
2026-08-10,PKG-34EFF3,DRV_41,Out for delivery,2026-08-10 07:37:28,,,Limo,131211,-
2026-08-10,PKG-CCA550,DRV_41,Out for delivery,2026-08-10 07:37:28,,,Limo,131211,-
2026-08-10,PKG-7DA272,DRV_41,Out for delivery,2026-08-10 07:37:28,,,Limo,131211,-
2026-08-10,PKG-F8DF32,DRV_41,Out for delivery,2026-08-10 09:58:13,,,Limo,140996,-
2026-08-10,PKG-C8E347,DRV_41,Out for delivery,2026-08-10 07:37:28,,,Limo,142612,-
2026-08-10,PKG-51AFA4,DRV_41,Out for delivery,2026-08-10 07:37:28,,,Limo,128361,-
2026-08-10,PKG-E2B890,DRV_41,Out for delivery,2026-08-10 12:27:00,,,Pancoran Mas,142612,-
2026-08-10,PKG-24CD4F,DRV_41,Out for delivery,2026-08-10 09:58:13,,,Limo,131211,-
2026-08-10,PKG-3DFF62,DRV_41,Out for delivery,2026-08-10 07:37:28,,,Limo,137375,-
2026-08-10,PKG-CA1EC4,DRV_41,Out for delivery,2026-08-10 12:27:00,,,Pancoran Mas,133623,-
2026-08-10,PKG-616C47,DRV_41,Out for delivery,2026-08-10 07:37:28,,,Limo,142612,-
2026-08-10,PKG-A75C53,DRV_41,Out for delivery,2026-08-10 09:58:13,,,Limo,134532,-
2026-08-10,PKG-807952,DRV_41,Out for delivery,2026-08-10 09:58:13,,,Limo,131211,-
2026-08-10,PKG-A3F10B,DRV_41,Out for delivery,2026-08-10 07:37:28,,,Limo,140996,-
2026-08-10,PKG-D7E74B,DRV_41,Out for delivery,2026-08-10 07:37:28,,,Limo,142612,-
2026-08-10,PKG-0ECAF6,DRV_41,Out for delivery,2026-08-10 07:37:28,,,Limo,142612,-
2026-08-10,PKG-B84D8F,DRV_41,Out for delivery,2026-08-10 07:37:28,,,Limo,130695,-
2026-08-10,PKG-93BE88,DRV_41,Out for delivery,2026-08-10 07:37:28,,,Limo,142612,-
2026-08-10,PKG-F8FC68,DRV_41,Out for delivery,2026-08-10 07:37:28,,,Limo,132322,-
2026-08-10,PKG-ECBF77,DRV_41,Out for delivery,2026-08-10 07:37:28,,,Limo,142612,-
2026-08-10,PKG-2350E9,DRV_41,Out for delivery,2026-08-10 07:37:28,,,Limo,131211,-
2026-08-10,PKG-31F4C3,DRV_41,Out for delivery,2026-08-10 07:37:28,,,Limo,137704,-
2026-08-10,PKG-8114CD,DRV_41,Out for delivery,2026-08-10 07:37:28,,,Limo,128361,-
2026-08-10,PKG-BDB2B1,DRV_41,Out for delivery,2026-08-10 07:37:28,,,Limo,131211,-
2026-08-10,PKG-98A0FA,DRV_41,Out for delivery,2026-08-10 07:37:28,,,Limo,131211,-
2026-08-10,PKG-D9D4E0,DRV_41,Out for delivery,2026-08-10 07:37:28,,,Limo,131211,-
2026-08-10,PKG-2B75E1,DRV_41,Out for delivery,2026-08-10 07:37:28,,,Limo,131211,-
2026-08-10,PKG-2DE45F,DRV_41,Out for delivery,2026-08-10 07:37:28,,,Limo,132512,-
2026-08-10,PKG-F3DC44,DRV_41,Out for delivery,2026-08-10 12:27:00,,,Limo,131211,-
2026-08-10,PKG-55DC63,DRV_41,Out for delivery,2026-08-10 08:29:06,,,Limo,131211,-
2026-08-10,PKG-46BEFB,DRV_41,Out for delivery,2026-08-10 07:37:28,,,Limo,142612,-
2026-08-10,PKG-408F5D,DRV_41,Out for delivery,2026-08-10 07:37:28,,,Limo,142612,-
2026-08-10,PKG-971EF9,DRV_41,Out for delivery,2026-08-10 09:58:13,,,Limo,131211,-
2026-08-10,PKG-82547E,DRV_41,Out for delivery,2026-08-10 07:37:28,,,Limo,131211,-
2026-08-10,PKG-CDF7E9,DRV_41,Out for delivery,2026-08-10 09:58:13,,,Limo,131110,-
2026-08-10,PKG-AA14D6,DRV_41,Out for delivery,2026-08-10 07:37:28,,,Limo,132322,-
2026-08-10,PKG-BAA825,DRV_41,Out for delivery,2026-08-10 09:58:13,,,Limo,128361,-
2026-08-10,PKG-658AC1,DRV_41,Out for delivery,2026-08-10 09:58:13,,,Limo,142612,-
2026-08-10,PKG-FF1175,DRV_41,Out for delivery,2026-08-10 08:29:06,,,Limo,131211,-
2026-08-10,PKG-CB3B6A,DRV_41,Out for delivery,2026-08-10 07:37:28,,,Limo,133522,-
2026-08-10,PKG-46D221,DRV_41,Out for delivery,2026-08-10 09:58:13,,,Limo,142612,-
2026-08-10,PKG-45EA5A,DRV_41,Out for delivery,2026-08-10 07:37:28,,,Limo,131211,-
2026-08-10,PKG-40929D,DRV_41,Out for delivery,2026-08-10 09:58:13,,,Limo,134431,-
2026-08-10,PKG-1465F4,DRV_41,Out for delivery,2026-08-10 07:37:28,,,Limo,142612,-
2026-08-10,PKG-C39421,DRV_41,Out for delivery,2026-08-10 07:37:28,,,Limo,132411,-
2026-08-10,PKG-EB24C9,DRV_41,Out for delivery,2026-08-10 09:58:13,,,Limo,142612,-
2026-08-10,PKG-47A22F,DRV_41,Out for delivery,2026-08-10 09:58:13,,,Limo,128361,-
2026-08-10,PKG-F86513,DRV_41,Out for delivery,2026-08-10 09:58:13,,,Limo,142612,-
2026-08-10,PKG-A61C36,DRV_41,Out for delivery,2026-08-10 07:37:28,,,Limo,134027,-
2026-08-10,PKG-7D006D,DRV_41,Out for delivery,2026-08-10 09:58:13,,,Limo,129786,-
2026-08-10,PKG-B3365A,DRV_41,Out for delivery,2026-08-10 09:58:13,,,Limo,142612,-
2026-08-10,PKG-4640EC,DRV_41,Out for delivery,2026-08-10 09:58:13,,,Limo,131211,-
2026-08-10,PKG-28F1BA,DRV_41,Out for delivery,2026-08-10 09:58:13,,,Limo,134061,-
2026-08-10,PKG-EC1F2D,DRV_41,Out for delivery,2026-08-10 09:58:13,,,Limo,142612,-
2026-08-10,PKG-68CD1A,DRV_41,Out for delivery,2026-08-10 09:58:13,,,Limo,131211,-
2026-08-10,PKG-EFE3F0,DRV_41,Out for delivery,2026-08-10 07:37:28,,,Limo,142511,-
2026-08-10,PKG-EF3B2D,DRV_41,Out for delivery,2026-08-10 09:58:13,,,Limo,142612,-
2026-08-10,PKG-C3D12A,DRV_41,Out for delivery,2026-08-10 07:37:28,,,Limo,135542,-
2026-08-10,PKG-6A976B,DRV_41,Out for delivery,2026-08-10 07:37:28,,,Limo,130324,-
2026-08-10,PKG-B55602,DRV_41,Out for delivery,2026-08-10 09:58:13,,,Limo,131211,-
2026-08-10,PKG-2FE3D0,DRV_41,Out for delivery,2026-08-10 09:58:13,,,Limo,131211,-
2026-08-10,PKG-45FD52,DRV_41,Out for delivery,2026-08-10 07:37:28,,,Limo,131211,-
2026-08-10,PKG-14119F,DRV_41,Out for delivery,2026-08-10 09:58:13,,,Limo,129786,-
2026-08-10,PKG-2AE2AC,DRV_41,Out for delivery,2026-08-10 09:58:13,,,Limo,131431,-
2026-08-10,PKG-3FF28F,DRV_41,Out for delivery,2026-08-10 09:58:13,,,Limo,142612,-
2026-08-10,PKG-F20119,DRV_41,Out for delivery,2026-08-10 09:58:13,,,Limo,131211,-
2026-08-10,PKG-BD0C5D,DRV_41,Out for delivery,2026-08-10 07:37:28,,,Limo,131211,-
2026-08-10,PKG-D7A612,DRV_41,Out for delivery,2026-08-10 09:58:13,,,Limo,131211,-
2026-08-10,PKG-323A98,DRV_41,Out for delivery,2026-08-10 09:58:13,,,Limo,134431,-
2026-08-10,PKG-45EDAA,DRV_41,Out for delivery,2026-08-10 09:58:13,,,Limo,131211,-
2026-08-10,PKG-7F20CF,DRV_41,Out for delivery,2026-08-10 07:37:28,,,Limo,144127,-
2026-08-10,PKG-97E289,DRV_41,Out for delivery,2026-08-10 09:58:13,,,Limo,125543,-
2026-08-10,PKG-477B36,DRV_41,Out for delivery,2026-08-10 12:27:00,,,Limo,131211,-
2026-08-10,PKG-6D1EEB,DRV_41,Out for delivery,2026-08-10 07:37:28,,,Limo,125543,-
2026-08-10,PKG-2A7711,DRV_41,Out for delivery,2026-08-10 09:58:13,,,Limo,125543,-
2026-08-10,PKG-E23AD6,DRV_41,Out for delivery,2026-08-10 09:58:13,,,Limo,125543,-
2026-08-10,PKG-90195D,DRV_41,Out for delivery,2026-08-10 07:37:28,,,Limo,124180,-
2026-08-10,PKG-C3C12D,DRV_41,Out for delivery,2026-08-10 07:37:28,,,Limo,115786,-
2026-08-10,PKG-51BC9F,DRV_41,Out for delivery,2026-08-10 09:58:13,,,Limo,125846,-
2026-08-10,PKG-7D7426,DRV_41,Out for delivery,2026-08-10 09:58:13,,,Limo,116897,-
2026-08-10,PKG-9D3D95,DRV_41,Out for delivery,2026-08-10 07:37:28,,,Limo,142612,-
2026-08-10,PKG-900DDB,DRV_41,Out for delivery,2026-08-10 07:37:28,,,Limo,144127,-
2026-08-10,PKG-04DAE8,DRV_41,Out for delivery,2026-08-10 09:58:13,,,Limo,125846,-
2026-08-10,PKG-FFBE00,DRV_41,Out for delivery,2026-08-10 09:58:13,,,Limo,136451,-
2026-08-10,PKG-A6A897,DRV_41,Out for delivery,2026-08-10 09:58:13,,,Limo,131704,-
2026-08-10,PKG-16BA8B,DRV_41,Out for delivery,2026-08-10 07:37:28,,,Limo,131211,-
2026-08-10,PKG-E01303,DRV_41,Out for delivery,2026-08-10 07:37:28,,,Limo,142410,-
2026-08-10,PKG-285696,DRV_41,Out for delivery,2026-08-10 09:58:13,,,Limo,132322,-
2026-08-10,PKG-89C225,DRV_41,Out for delivery,2026-08-10 07:37:28,,,Limo,131211,-
2026-08-10,PKG-B5558B,DRV_41,Out for delivery,2026-08-10 07:37:28,,,Limo,142612,-
2026-08-10,PKG-6D402B,DRV_41,Out for delivery,2026-08-10 09:58:13,,,Limo,131211,-
2026-08-10,PKG-391822,DRV_41,Out for delivery,2026-08-10 09:58:13,,,Limo,134770,-
2026-08-10,PKG-668AB1,DRV_41,Out for delivery,2026-08-10 07:37:28,,,Limo,131211,-
2026-08-10,PKG-434310,DRV_41,Out for delivery,2026-08-10 07:37:28,,,Limo,134970,-
2026-08-10,PKG-24F72D,DRV_41,Out for delivery,2026-08-10 09:58:13,,,Limo,131211,-
2026-08-10,PKG-C4DA07,DRV_41,Out for delivery,2026-08-10 07:37:28,,,Limo,131211,-
2026-08-10,PKG-250908,DRV_41,Out for delivery,2026-08-10 09:58:13,,,Limo,131211,-
2026-08-10,PKG-B41D48,DRV_41,Out for delivery,2026-08-10 09:58:13,,,Limo,128361,-
2026-08-10,PKG-C33F82,DRV_41,Out for delivery,2026-08-10 09:58:13,,,Limo,134835,-
2026-08-10,PKG-07DDD5,DRV_41,Out for delivery,2026-08-10 07:37:28,,,Limo,131211,-
2026-08-10,PKG-124A3E,DRV_41,Out for delivery,2026-08-10 07:37:28,,,Limo,132537,-
2026-08-10,PKG-B64784,DRV_41,Out for delivery,2026-08-10 09:58:13,,,Limo,142511,-
2026-08-10,PKG-95002F,DRV_41,Out for delivery,2026-08-10 07:37:28,,,Limo,128361,-
2026-08-10,PKG-C68FA8,DRV_41,Out for delivery,2026-08-10 07:37:28,,,Limo,128361,-
2026-08-10,PKG-5D6A04,DRV_41,Out for delivery,2026-08-10 07:37:28,,,Limo,129270,-
2026-08-10,PKG-C8B6AA,DRV_41,Out for delivery,2026-08-10 07:37:28,,,Limo,131211,-
2026-08-10,PKG-622798,DRV_41,Out for delivery,2026-08-10 07:37:28,,,Limo,142612,-
2026-08-10,PKG-7398BA,DRV_41,Out for delivery,2026-08-10 07:37:28,,,Limo,128361,-
2026-08-10,PKG-048749,DRV_41,Out for delivery,2026-08-10 07:37:28,,,Limo,135340,-
2026-08-10,PKG-7F05C4,DRV_41,Out for delivery,2026-08-10 07:37:28,,,Limo,142511,-
2026-08-10,PKG-4F412A,DRV_41,Out for delivery,2026-08-10 07:37:28,,,Limo,129786,-
2026-08-10,PKG-FE8806,DRV_41,Out for delivery,2026-08-10 07:37:28,,,Limo,129786,-
2026-08-10,PKG-1AB639,DRV_41,Out for delivery,2026-08-10 07:37:28,,,Limo,131211,-
2026-08-10,PKG-D83C14,DRV_41,Out for delivery,2026-08-10 09:58:13,,,Limo,129786,-
2026-08-10,PKG-DBE29C,DRV_41,Out for delivery,2026-08-10 07:37:28,,,Limo,128361,-
2026-08-10,PKG-3F7D5F,DRV_41,Out for delivery,2026-08-10 07:37:28,,,Limo,134734,-
2026-08-10,PKG-4C4740,DRV_41,Out for delivery,2026-08-10 09:58:13,,,Limo,131211,-
2026-08-10,PKG-423AC1,DRV_41,Out for delivery,2026-08-10 09:58:13,,,Limo,128361,-
2026-08-10,PKG-DD36AE,DRV_41,Out for delivery,2026-08-10 09:58:13,,,Limo,134431,-
2026-08-10,PKG-1B8E3B,DRV_41,Out for delivery,2026-08-10 07:37:28,,,Limo,128361,-
2026-08-10,PKG-630A6E,DRV_41,Out for delivery,2026-08-10 07:37:28,,,Limo,128361,-
2026-08-10,PKG-2B6C62,DRV_41,Out for delivery,2026-08-10 09:58:13,,,Limo,131211,-
2026-08-10,PKG-A6BDF1,DRV_41,Out for delivery,2026-08-10 07:37:28,,,Limo,128361,-
2026-08-10,PKG-7C1DD5,DRV_41,Out for delivery,2026-08-10 07:37:28,,,Limo,131211,-
2026-08-10,PKG-71B41A,DRV_41,Out for delivery,2026-08-10 07:37:28,,,Limo,134532,-
2026-08-10,PKG-B66F3B,DRV_41,Out for delivery,2026-08-10 09:58:13,,,Limo,131211,-
2026-08-10,PKG-D0137B,DRV_41,Out for delivery,2026-08-10 07:37:28,,,Limo,129786,-
2026-08-10,PKG-1C9B12,DRV_41,Out for delivery,2026-08-10 09:58:13,,,Limo,129786,-
2026-08-10,PKG-734946,DRV_41,Out for delivery,2026-08-10 07:37:28,,,Limo,132322,-
2026-08-10,PKG-DDAE67,DRV_41,Out for delivery,2026-08-10 09:58:13,,,Limo,128361,-
2026-08-10,PKG-B925BF,DRV_41,Out for delivery,2026-08-10 09:58:13,,,Limo,128361,-
2026-08-10,PKG-6BB937,DRV_41,Out for delivery,2026-08-10 07:37:28,,,Limo,128361,-
2026-08-10,PKG-F0D635,DRV_41,Out for delivery,2026-08-10 09:58:13,,,Limo,134627,-
2026-08-10,PKG-EB9083,DRV_41,Out for delivery,2026-08-10 07:37:28,,,Limo,128361,-
2026-08-10,PKG-6F4BE7,DRV_41,Out for delivery,2026-08-10 09:58:13,,,Limo,128361,-
2026-08-10,PKG-DB6C25,DRV_41,Out for delivery,2026-08-10 09:58:13,,,Limo,131211,-
2026-08-10,PKG-8DDF66,DRV_41,Out for delivery,2026-08-10 07:37:28,,,Limo,129270,-
2026-08-10,PKG-F54C13,DRV_41,Out for delivery,2026-08-10 09:58:13,,,Limo,137282,-
2026-08-10,PKG-D519B9,DRV_41,Out for delivery,2026-08-10 09:58:13,,,Limo,131211,-
2026-08-10,PKG-D14EB8,DRV_41,Out for delivery,2026-08-10 09:58:13,,,Limo,129989,-
2026-08-10,PKG-4E3545,DRV_41,Out for delivery,2026-08-10 09:58:13,,,Limo,142612,-
2026-08-10,PKG-E249E7,DRV_41,Out for delivery,2026-08-10 09:58:13,,,Limo,128361,-
2026-08-10,PKG-B11DF0,DRV_41,Out for delivery,2026-08-10 10:36:17,,,Limo,136912,-
2026-08-10,PKG-024D34,DRV_41,Out for delivery,2026-08-10 09:58:13,,,Limo,143723,-
2026-08-10,PKG-A81BDA,DRV_41,Out for delivery,2026-08-10 07:37:28,,,Limo,134061,-
2026-08-10,PKG-AB6A1E,DRV_41,Out for delivery,2026-08-10 09:58:13,,,Limo,125846,-
2026-08-10,PKG-FA4973,DRV_41,Out for delivery,2026-08-10 09:58:13,,,Limo,129786,-
2026-08-10,PKG-700826,DRV_41,Out for delivery,2026-08-10 09:58:13,,,Limo,131211,-
2026-08-10,PKG-8C862B,DRV_41,Out for delivery,2026-08-10 07:37:28,,,Limo,131211,-
2026-08-10,PKG-984966,DRV_41,Out for delivery,2026-08-10 07:37:28,,,Limo,132512,-
2026-08-10,PKG-B8C2BE,DRV_41,Out for delivery,2026-08-10 07:37:28,,,Limo,131211,-
2026-08-10,PKG-0C02BF,DRV_41,Out for delivery,2026-08-10 07:37:28,,,Limo,131211,-
2026-08-10,PKG-B1C6BF,DRV_41,Out for delivery,2026-08-10 09:58:13,,,Limo,128361,-
2026-08-10,PKG-927719,DRV_41,Out for delivery,2026-08-10 07:37:28,,,Limo,131211,-
2026-08-10,PKG-E32DC3,DRV_41,Out for delivery,2026-08-10 07:37:28,,,Limo,131211,-
2026-08-10,PKG-B11286,DRV_41,Out for delivery,2026-08-10 07:37:28,,,Limo,131211,-
2026-08-10,PKG-862FD2,DRV_41,Out for delivery,2026-08-10 07:37:28,,,Limo,128361,-
2026-08-10,PKG-546C9B,DRV_41,Out for delivery,2026-08-10 09:58:13,,,Limo,131860,-
2026-08-10,PKG-D7B4FA,DRV_41,Out for delivery,2026-08-10 09:58:13,,,Limo,131211,-
2026-08-10,PKG-45179C,DRV_41,Out for delivery,2026-08-10 07:37:28,,,Limo,131211,-
2026-08-10,PKG-5D79D5,DRV_41,Out for delivery,2026-08-10 07:37:28,,,Limo,128361,-
2026-08-10,PKG-3451F1,DRV_41,Out for delivery,2026-08-10 09:58:13,,,Limo,135637,-
2026-08-10,PKG-7CDF83,DRV_41,Out for delivery,2026-08-10 09:58:13,,,Limo,131211,-
2026-08-10,PKG-2BA8BF,DRV_41,Out for delivery,2026-08-10 09:58:13,,,Limo,131211,-
2026-08-10,PKG-7E1C22,DRV_41,Out for delivery,2026-08-10 07:37:28,,,Limo,128361,-
2026-08-10,PKG-25FBB4,DRV_41,Out for delivery,2026-08-10 07:37:28,,,Limo,131211,-
2026-08-10,PKG-2C337A,DRV_41,Out for delivery,2026-08-10 07:37:28,,,Limo,128361,-
2026-08-10,PKG-0A0A31,DRV_41,Out for delivery,2026-08-10 07:37:28,,,Limo,134061,-
2026-08-10,PKG-9BB885,DRV_41,Out for delivery,2026-08-10 07:37:28,,,Limo,142612,-
2026-08-10,PKG-4B7968,DRV_41,Out for delivery,2026-08-10 09:58:13,,,Limo,134532,-
2026-08-10,PKG-D1BAEC,DRV_41,Out for delivery,2026-08-10 07:37:28,,,Limo,131211,-
2026-08-10,PKG-A8633A,DRV_41,Out for delivery,2026-08-10 07:37:28,,,Limo,131211,-
2026-08-10,PKG-D7C1E8,DRV_41,Out for delivery,2026-08-10 07:37:28,,,Limo,134295,-
2026-08-10,PKG-068C7A,DRV_41,Out for delivery,2026-08-10 07:37:28,,,Limo,144127,-
2026-08-10,PKG-A3A9B5,DRV_41,Out for delivery,2026-08-10 09:58:13,,,Limo,128361,-
2026-08-10,PKG-459542,DRV_41,Out for delivery,2026-08-10 07:37:28,,,Limo,131211,-
2026-08-10,PKG-FA66F0,DRV_41,Out for delivery,2026-08-10 07:37:28,,,Limo,131211,-
2026-08-10,PKG-C80044,DRV_41,Out for delivery,2026-08-10 07:37:28,,,Limo,131211,-
2026-08-10,PKG-C9046E,DRV_41,Out for delivery,2026-08-10 07:37:28,,,Limo,131211,-
2026-08-10,PKG-A45BBE,DRV_41,Out for delivery,2026-08-10 07:37:28,,,Limo,134229,-
2026-08-10,PKG-E50441,DRV_41,Out for delivery,2026-08-10 09:58:13,,,Limo,142612,-
2026-08-10,PKG-E7E2BB,DRV_41,Out for delivery,2026-08-10 07:37:28,,,Limo,131211,-
2026-08-10,PKG-8047D7,DRV_41,Out for delivery,2026-08-10 07:37:28,,,Limo,131211,-
2026-08-10,PKG-1BBCC8,DRV_41,Out for delivery,2026-08-10 09:58:13,,,Limo,128361,-
2026-08-10,PKG-170AFA,DRV_41,Out for delivery,2026-08-10 07:37:28,,,Limo,128361,-
2026-08-10,PKG-E0A560,DRV_41,Out for delivery,2026-08-10 07:37:28,,,Limo,142612,-
2026-08-10,PKG-115CF5,DRV_41,Out for delivery,2026-08-10 09:58:13,,,Limo,142612,-
2026-08-10,PKG-364AE3,DRV_41,Out for delivery,2026-08-10 07:37:28,,,Limo,145068,-
2026-08-10,PKG-9AB143,DRV_41,Out for delivery,2026-08-10 07:37:28,,,Limo,138168,-
2026-08-10,PKG-230635,DRV_41,Out for delivery,2026-08-10 09:58:13,,,Limo,137251,-
2026-08-10,PKG-86652D,DRV_41,Out for delivery,2026-08-10 07:37:28,,,Limo,144870,-
2026-08-10,PKG-33A7E7,DRV_41,Out for delivery,2026-08-10 07:37:28,,,Limo,137481,-
2026-08-10,PKG-535AC0,DRV_41,Out for delivery,2026-08-10 09:58:13,,,Limo,144870,-
2026-08-10,PKG-63D21B,DRV_41,Out for delivery,2026-08-10 07:37:28,,,Limo,144870,-
2026-08-10,PKG-8922BF,DRV_41,Out for delivery,2026-08-10 07:37:28,,,Limo,140895,-
2026-08-10,PKG-65FFB7,DRV_41,Out for delivery,2026-08-10 09:58:13,,,Limo,149177,-
2026-08-10,PKG-0FAD5D,DRV_41,Out for delivery,2026-08-10 07:37:28,,,Limo,140015,-
2026-08-10,PKG-20078A,DRV_41,Out for delivery,2026-08-10 07:37:28,,,Limo,144769,-
2026-08-10,PKG-938FB2,DRV_41,Out for delivery,2026-08-10 07:37:28,,,Limo,134203,-
2026-08-10,PKG-7F69E7,DRV_41,Out for delivery,2026-08-10 07:37:28,,,Limo,145763,-
2026-08-10,PKG-D470A2,DRV_41,Out for delivery,2026-08-10 09:58:13,,,Limo,141723,-
2026-08-10,PKG-1ACB73,DRV_41,Out for delivery,2026-08-10 09:58:13,,,Limo,140895,-
2026-08-10,PKG-49A92A,DRV_41,Out for delivery,2026-08-10 07:37:28,,,Limo,144870,-
2026-08-10,PKG-FE195B,DRV_41,Out for delivery,2026-08-10 09:58:13,,,Limo,134203,-
2026-08-10,PKG-BFD9E7,DRV_41,Out for delivery,2026-08-10 07:37:28,,,Limo,144870,-
2026-08-10,PKG-AF9BF8,DRV_41,Out for delivery,2026-08-10 07:37:28,,,Limo,142083,-
2026-08-10,PKG-59A4D8,DRV_41,Out for delivery,2026-08-10 07:37:28,,,Limo,141723,-
2026-08-10,PKG-7DB61B,DRV_41,Out for delivery,2026-08-10 07:37:28,,,Limo,140539,-
2026-08-10,PKG-B40BF6,DRV_41,Out for delivery,2026-08-10 12:27:00,,,Pancoran Mas,132680,-
2026-08-10,PKG-070687,DRV_41,Out for delivery,2026-08-10 07:37:28,,,Limo,143297,-
2026-08-10,PKG-841C07,DRV_41,Out for delivery,2026-08-10 07:37:28,,,Limo,144870,-
2026-08-10,PKG-0CB2CB,DRV_41,Out for delivery,2026-08-10 12:27:00,,,Pancoran Mas,134203,-
2026-08-10,PKG-22E7B0,DRV_41,Out for delivery,2026-08-10 09:58:13,,,Limo,140689,-
2026-08-10,PKG-0BB411,DRV_41,Out for delivery,2026-08-10 07:37:28,,,Limo,141339,-
2026-08-10,PKG-3C5FA5,DRV_41,Out for delivery,2026-08-10 07:37:28,,,Limo,144870,-
2026-08-10,PKG-802930,DRV_41,Out for delivery,2026-08-10 09:58:13,,,Limo,144870,-
2026-08-10,PKG-CD1EEE,DRV_41,Out for delivery,2026-08-10 07:37:28,,,Limo,137308,-
2026-08-10,PKG-F6DFED,DRV_41,Out for delivery,2026-08-10 09:58:13,,,Limo,141723,-
2026-08-10,PKG-1CE174,DRV_41,Out for delivery,2026-08-10 07:37:28,,,Limo,144870,-
2026-08-10,PKG-0EECD8,DRV_41,Out for delivery,2026-08-10 07:37:28,,,Limo,143297,-
2026-08-10,PKG-E50929,DRV_41,Out for delivery,2026-08-10 07:37:28,,,Limo,145910,-
2026-08-10,PKG-3C2493,DRV_41,Out for delivery,2026-08-10 09:58:13,,,Limo,138917,-
2026-08-10,PKG-FC42C8,DRV_41,Out for delivery,2026-08-10 12:27:00,,,Limo,144208,-
2026-08-10,PKG-0916F6,DRV_41,Out for delivery,2026-08-10 09:58:13,,,Limo,140895,-
2026-08-10,PKG-6E8FB3,DRV_41,Out for delivery,2026-08-10 07:37:28,,,Pancoran Mas,137051,-
2026-09-08,PKG-326C26,DRV_41,Out for delivery,2026-09-08 13:16:06,,,Limo,136136,-
2026-09-08,PKG-196680,DRV_41,Out for delivery,2026-09-08 13:16:06,,,Limo,138360,-
2026-09-08,PKG-56FD93,DRV_41,Out for delivery,2026-09-08 13:11:58,,,Limo,139537,-
2026-09-08,PKG-520A51,DRV_41,Out for delivery,2026-09-08 13:16:06,,,Limo,135727,-
2026-09-08,PKG-F8B8A6,DRV_41,Out for delivery,2026-09-08 13:11:58,,,Limo,158131,-
2026-09-08,PKG-2AAB34,DRV_41,Out for delivery,2026-09-08 13:11:58,,,Limo,142937,-
2026-09-08,PKG-732CCF,DRV_41,Out for delivery,2026-09-08 13:16:06,,,Limo,144638,-
2026-09-08,PKG-23B591,DRV_41,Out for delivery,2026-09-08 13:16:06,,,Limo,144638,-
2026-09-08,PKG-D7CF5A,DRV_41,Out for delivery,2026-09-08 13:16:06,,,Limo,144638,-
2026-09-08,PKG-37102A,DRV_41,Out for delivery,2026-09-08 13:16:06,,,Limo,137934,-
2026-09-08,PKG-D3CC38,DRV_41,Out for delivery,2026-09-08 13:11:58,,,Limo,144638,-
2026-09-08,PKG-7BD513,DRV_41,Out for delivery,2026-09-08 13:16:06,,,Limo,144638,-
2026-09-08,PKG-2FD733,DRV_41,Out for delivery,2026-09-08 13:16:06,,,Limo,136136,-
2026-09-08,PKG-45EDE7,DRV_41,Out for delivery,2026-09-08 13:16:06,,,Limo,141496,-
2026-09-08,PKG-5FD08A,DRV_41,Out for delivery,2026-09-08 13:16:06,,,Limo,144638,-
2026-09-08,PKG-18FB0E,DRV_41,Out for delivery,2026-09-08 13:11:58,,,Limo,144638,-
2026-09-08,PKG-4254FB,DRV_41,Out for delivery,2026-09-08 13:11:58,,,Limo,142937,-
2026-09-08,PKG-AA5259,DRV_41,Out for delivery,2026-09-08 13:11:58,,,Limo,141385,-
2026-09-08,PKG-E328D8,DRV_41,Out for delivery,2026-09-08 13:11:58,,,Limo,144638,-
2026-09-08,PKG-28F1FC,DRV_41,Out for delivery,2026-09-08 13:11:58,,,Limo,127634,-
2026-09-08,PKG-02B3C1,DRV_41,Out for delivery,2026-09-08 13:16:06,,,Limo,142937,-
2026-09-08,PKG-7D2E85,DRV_41,Out for delivery,2026-09-08 07:36:38,,,Limo,158131,-
2026-09-08,PKG-91F515,DRV_41,Out for delivery,2026-09-08 07:36:38,,,Limo,152492,-
2026-09-08,PKG-0255F9,DRV_41,Out for delivery,2026-09-08 07:36:38,,,Limo,144638,-
2026-09-08,PKG-38C5ED,DRV_41,Out for delivery,2026-09-08 07:36:38,,,Limo,138724,-
2026-09-08,PKG-D17FC7,DRV_41,Out for delivery,2026-09-08 07:36:38,,,Limo,134431,-
2026-09-08,PKG-7DFF9D,DRV_41,Out for delivery,2026-09-08 07:36:38,,,Limo,127634,-
2026-09-08,PKG-FB9A8F,DRV_41,Out for delivery,2026-09-08 07:36:38,,,Pancoran Mas,140572,-
2026-09-08,PKG-854E4C,DRV_41,Out for delivery,2026-09-08 07:36:38,,,Beji,136446,-
2026-09-08,PKG-983981,DRV_41,Out for delivery,2026-09-08 07:36:38,,,Limo,143066,-
2026-09-28,PKG-88337D,DRV_41,Out for delivery,2026-09-28 07:32:01,,,Limo,1332660,-
2026-09-28,PKG-ABF95E,DRV_41,Out for delivery,2026-09-28 07:32:01,,,Limo,145890,-
2026-09-28,PKG-C6EF03,DRV_41,Out for delivery,2026-09-28 07:32:01,,,Limo,1274433,-
2026-09-28,PKG-63C919,DRV_41,Out for delivery,2026-09-28 07:32:01,,,Limo,1223640,-
2026-09-28,PKG-ABE797,DRV_41,Out for delivery,2026-09-28 07:32:01,,,Limo,1324249,-
2026-09-28,PKG-53729A,DRV_41,Out for delivery,2026-09-28 07:32:01,,,Limo,1317202,-
2026-09-28,PKG-7E9269,DRV_41,Out for delivery,2026-09-28 07:32:01,,,Pancoran Mas,1287889,-
2026-09-28,PKG-42829D,DRV_41,Out for delivery,2026-09-28 07:32:01,,,Limo,1301877,-
2026-09-28,PKG-3C3FDF,DRV_41,Out for delivery,2026-09-28 07:32:01,,,Limo,262474,-
2026-10-05,PKG-EE7717,DRV_06,Allocated,,,,Limo,137461,-
2026-10-05,PKG-5B0F13,DRV_06,Allocated,,,,Limo,140689,-
2026-10-05,PKG-C734DD,DRV_06,Allocated,,,,Limo,0,-
2026-10-05,PKG-BCAEB3,DRV_06,Allocated,,,,Limo,141622,-
2026-10-05,PKG-E41CA2,DRV_06,Allocated,,,,Limo,137251,-
2026-10-05,PKG-8C7C1E,DRV_06,Allocated,,,,Limo,140255,-
2026-10-05,PKG-F3E625,DRV_06,Allocated,,,,Limo,139473,-
2026-10-05,PKG-A03291,DRV_06,Allocated,,,,Limo,138674,-
2026-10-05,PKG-986994,DRV_06,Allocated,,,,Limo,131853,-
2026-10-05,PKG-53B4E7,DRV_06,Allocated,,,,Limo,141622,-
2026-10-05,PKG-2478BE,DRV_06,Allocated,,,,Limo,141723,-
2026-10-05,PKG-5CA9E7,DRV_06,Allocated,,,,Limo,116453,-
2026-10-05,PKG-F19792,DRV_06,Allocated,,,,Limo,141723,-
2026-10-05,PKG-14123A,DRV_06,Allocated,,,,Limo,137150,-
2026-10-05,PKG-7EF7FD,DRV_06,Allocated,,,,Limo,137150,-
2026-10-05,PKG-18331A,DRV_06,Allocated,,,,Limo,144026,-
2026-10-05,PKG-0D45A5,DRV_06,Allocated,,,,Limo,137150,-
2026-10-05,PKG-5BC6A4,DRV_06,Allocated,,,,Limo,137150,-
2026-10-05,PKG-A1BB51,DRV_06,Allocated,,,,Limo,116453,-
2026-10-05,PKG-A13CD7,DRV_06,Allocated,,,,Limo,147966,-
2026-10-05,PKG-1D509C,DRV_06,Allocated,,,,Limo,141622,-
2026-10-05,PKG-45064D,DRV_06,Allocated,,,,Limo,128805,-
2026-10-05,PKG-0F648B,DRV_06,Allocated,,,,Limo,137150,-
2026-10-05,PKG-BC57C0,DRV_06,Allocated,,,,Limo,137251,-
2026-10-05,PKG-5B5B59,DRV_06,Allocated,,,,Limo,137150,-
2026-10-05,PKG-4279C0,DRV_06,Allocated,,,,Limo,141723,-
2026-10-05,PKG-2902D7,DRV_41,Out for delivery,2026-10-05 07:30:58,,,Limo,140131,-
2026-10-05,PKG-97E371,DRV_06,Allocated,,,,Pancoran Mas,127563,-
2026-10-05,PKG-19E322,DRV_06,Allocated,,,,Limo,137251,-
2026-10-05,PKG-7297F8,DRV_06,Allocated,,,,Limo,137150,-
2026-10-05,PKG-4C9AF1,DRV_06,Allocated,,,,Limo,137150,-
2026-10-05,PKG-9AB29B,DRV_06,Allocated,,,,Limo,137150,-
2026-10-05,PKG-47951C,DRV_06,Allocated,,,,Limo,137150,-
2026-10-05,PKG-293A33,DRV_06,Allocated,,,,Pancoran Mas,128805,-
2026-10-05,PKG-8A186B,DRV_06,Allocated,,,,Limo,136425,-
2026-10-05,PKG-788F6F,DRV_06,Allocated,,,,Limo,139804,-
2026-10-05,PKG-F25AFC,DRV_41,Out for delivery,2026-10-05 07:30:58,,,Limo,141703,-
2026-10-05,PKG-CAD934,DRV_06,Allocated,,,,Limo,137360,-
2026-10-05,PKG-1CB357,DRV_06,Allocated,,,,Limo,127563,-
2026-10-05,PKG-0315AF,DRV_06,Allocated,,,,Limo,135663,-
2026-10-05,PKG-F51A0F,DRV_41,Out for delivery,2026-10-05 07:32:30,,,Limo,130290,-
2026-10-05,PKG-21304B,DRV_06,Allocated,,,,Limo,136425,-
2026-10-05,PKG-D32816,DRV_06,Allocated,,,,Pancoran Mas,139804,-
2026-10-05,PKG-C5769A,DRV_06,Allocated,,,,Limo,136425,-
2026-10-05,PKG-9B21C8,DRV_06,Allocated,,,,Limo,133906,-
2026-10-05,PKG-43BB20,DRV_06,Allocated,,,,Limo,141474,-
2026-10-05,PKG-2441C2,DRV_06,Allocated,,,,Limo,126553,-
2026-10-05,PKG-590024,DRV_06,Allocated,,,,Limo,136425,-
2026-10-05,PKG-77C65A,DRV_06,Allocated,,,,Limo,128805,-
2026-10-05,PKG-364A76,DRV_06,Allocated,,,,Limo,136425,-
2026-10-05,PKG-373C5B,DRV_06,Allocated,,,,Limo,128805,-
2026-10-05,PKG-2ABDBE,DRV_06,Allocated,,,,Limo,128805,-
2026-10-05,PKG-4E5070,DRV_06,Allocated,,,,Limo,109924,-
2026-10-05,PKG-B4B4F3,DRV_06,Allocated,,,,Limo,136425,-
2026-10-05,PKG-CF50DA,DRV_06,Allocated,,,,Limo,139481,-
2026-10-05,PKG-F2BBC5,DRV_06,Allocated,,,,Limo,139804,-
2026-10-05,PKG-49BC00,DRV_06,Allocated,,,,Limo,136425,-
2026-10-05,PKG-F4C353,DRV_06,Allocated,,,,Limo,137663,-
2026-10-05,PKG-5953EA,DRV_06,Allocated,,,,Limo,128805,-
2026-10-05,PKG-46FEFC,DRV_06,Allocated,,,,Pancoran Mas,139804,-
2026-10-05,PKG-C45073,DRV_06,Allocated,,,,Pancoran Mas,132299,-
2026-10-05,PKG-4549A6,DRV_06,Allocated,,,,Limo,135389,-
2026-10-05,PKG-C05B25,DRV_06,Allocated,,,,Limo,128805,-
2026-10-05,PKG-A7B0E7,DRV_06,Allocated,,,,Limo,128805,-
2026-10-05,PKG-51339E,DRV_06,Allocated,,,,Limo,128805,-
2026-10-05,PKG-10C025,DRV_06,Allocated,,,,Limo,129695,-
2026-10-05,PKG-3E32D2,DRV_06,Allocated,,,,Limo,137259,-
2026-10-05,PKG-DC2FAA,DRV_06,Allocated,,,,Limo,136714,-
2026-10-05,PKG-CC7492,DRV_06,Allocated,,,,Limo,140390,-
2026-10-05,PKG-2F4749,DRV_06,Allocated,,,,Limo,139804,-
2026-10-05,PKG-157F5A,DRV_06,Allocated,,,,Limo,136425,-
2026-10-05,PKG-9046D4,DRV_41,Out for delivery,2026-10-05 07:30:58,,,Limo,133805,-
2026-10-05,PKG-742F18,DRV_06,Allocated,,,,Limo,133805,-
2026-10-05,PKG-50E92B,DRV_06,Allocated,,,,Limo,138168,-
2026-10-05,PKG-89BD40,DRV_06,Allocated,,,,Limo,133805,-
2026-10-05,PKG-0CB831,DRV_06,Allocated,,,,Limo,139951,-
2026-10-05,PKG-356FAA,DRV_06,Allocated,,,,Limo,139368,-
2026-10-05,PKG-7FCE76,DRV_06,Allocated,,,,Limo,143420,-
2026-10-05,PKG-CB5349,DRV_06,Allocated,,,,Limo,138168,-
2026-10-05,PKG-0C673A,DRV_06,Allocated,,,,Limo,133805,-
2026-10-05,PKG-881893,DRV_06,Allocated,,,,Limo,133805,-
2026-10-05,PKG-ABA99C,DRV_06,Allocated,,,,Limo,133805,-
2026-10-05,PKG-3F8BAF,DRV_06,Allocated,,,,Limo,141822,-
2026-10-05,PKG-12300E,DRV_06,Allocated,,,,Limo,130896,-
2026-10-05,PKG-1F59D5,DRV_06,Allocated,,,,Limo,145440,-
2026-10-05,PKG-856DD2,DRV_06,Allocated,,,,Limo,133805,-
2026-10-05,PKG-89A7E2,DRV_06,Allocated,,,,Limo,140491,-
2026-10-05,PKG-BCA99C,DRV_06,Allocated,,,,Limo,138168,-
2026-10-05,PKG-00CA28,DRV_06,Allocated,,,,Limo,145440,-
2026-10-05,PKG-74478D,DRV_06,Allocated,,,,Limo,137360,-
2026-10-05,PKG-3EE93D,DRV_41,Out for delivery,2026-10-05 07:32:30,,,Limo,139804,-
2026-10-05,PKG-78AC35,DRV_06,Allocated,,,,Limo,133805,-
2026-10-05,PKG-281C1E,DRV_41,Out for delivery,2026-10-05 07:32:30,,,Limo,145440,-
2026-10-05,PKG-790F65,DRV_06,Allocated,,,,Limo,138168,-
2026-10-05,PKG-4CBD07,DRV_06,Allocated,,,,Limo,136425,-
2026-10-05,PKG-3D0F16,DRV_06,Allocated,,,,Limo,138168,-
2026-10-05,PKG-C4B654,DRV_06,Allocated,,,,Limo,133805,-
2026-10-05,PKG-4003E2,DRV_06,Allocated,,,,Pancoran Mas,145440,-
2026-10-05,PKG-021194,DRV_06,Allocated,,,,Limo,133906,-
2026-10-05,PKG-DE457D,DRV_06,Allocated,,,,Limo,138168,-
2026-10-05,PKG-3E70DB,DRV_06,Allocated,,,,Pancoran Mas,133805,-
2026-10-05,PKG-8DB9C7,DRV_06,Allocated,,,,Pancoran Mas,141703,-
2026-10-05,PKG-B98911,DRV_06,Allocated,,,,Limo,139082,-
2026-10-05,PKG-7C87E7,DRV_06,Allocated,,,,Limo,133805,-
2026-10-05,PKG-C049BB,DRV_06,Allocated,,,,Limo,145541,-
2026-10-05,PKG-E55DFF,DRV_06,Allocated,,,,Limo,145440,-
2026-10-05,PKG-9E6EC4,DRV_06,Allocated,,,,Limo,132610,-
2026-10-05,PKG-8AD9EC,DRV_06,Allocated,,,,Limo,142117,-
2026-10-05,PKG-18D7E5,DRV_06,Allocated,,,,Limo,104282,-
2026-10-05,PKG-98BD48,DRV_06,Allocated,,,,Limo,139071,-
2026-10-05,PKG-6A0CA1,DRV_06,Allocated,,,,Limo,138168,-
2026-10-05,PKG-AC80FB,DRV_06,Allocated,,,,Pancoran Mas,134835,-
2026-10-05,PKG-054387,DRV_06,Allocated,,,,Limo,142242,-
2026-10-05,PKG-8C3A8F,DRV_06,Allocated,,,,Limo,145440,-
2026-10-05,PKG-7AFD65,DRV_41,Out for delivery,2026-10-05 07:32:30,,,Limo,136714,-
2026-10-05,PKG-BCA04F,DRV_06,Allocated,,,,Limo,133805,-
2026-10-05,PKG-097DA1,DRV_06,Allocated,,,,Limo,133805,-
2026-10-05,PKG-121A6A,DRV_06,Allocated,,,,Limo,133906,-
2026-10-05,PKG-541291,DRV_41,Out for delivery,2026-10-05 07:35:48,,,Limo,139804,-
2026-10-05,PKG-F1CEA4,DRV_06,Allocated,,,,Limo,141905,-
2026-10-05,PKG-DB7981,DRV_06,Allocated,,,,Limo,138168,-
2026-10-05,PKG-14A55E,DRV_06,Allocated,,,,Limo,137057,-
2026-10-05,PKG-91458A,DRV_06,Allocated,,,,Limo,138168,-
2026-10-05,PKG-751074,DRV_06,Allocated,,,,Limo,138168,-
2026-10-05,PKG-C3AA30,DRV_06,Allocated,,,,Limo,133805,-
2026-10-05,PKG-DBA07C,DRV_41,Out for delivery,2026-10-05 07:30:58,,,Limo,133805,-
2026-10-05,PKG-C351AC,DRV_06,Allocated,,,,Limo,138340,-
2026-10-05,PKG-990C3F,DRV_06,Allocated,,,,Limo,138168,-
2026-10-05,PKG-E85B72,DRV_06,Allocated,,,,Limo,136425,-
2026-10-05,PKG-5D1916,DRV_06,Allocated,,,,Limo,136425,-
2026-10-05,PKG-165927,DRV_06,Allocated,,,,Limo,133805,-
2026-10-05,PKG-1946A0,DRV_06,Allocated,,,,Limo,133805,-
2026-10-05,PKG-25CB80,DRV_06,Allocated,,,,Limo,138168,-
2026-10-05,PKG-3DED3F,DRV_06,Allocated,,,,Limo,145440,-
2026-10-05,PKG-C61946,DRV_06,Allocated,,,,Limo,136901,-
2026-10-05,PKG-AFB35E,DRV_06,Allocated,,,,Limo,133805,-
2026-10-05,PKG-CBF631,DRV_06,Allocated,,,,Limo,133906,-
2026-10-05,PKG-67138A,DRV_06,Allocated,,,,Limo,138168,-
2026-10-05,PKG-35FB67,DRV_06,Allocated,,,,Limo,137360,-
2026-10-05,PKG-9C7A86,DRV_06,Allocated,,,,Limo,138168,-
2026-10-05,PKG-D749A4,DRV_06,Allocated,,,,Limo,139804,-
2026-10-05,PKG-BEFBEE,DRV_41,Out for delivery,2026-10-05 07:32:30,,,Limo,140430,-
2026-10-05,PKG-B70971,DRV_06,Allocated,,,,Limo,133805,-
2026-10-05,PKG-88412C,DRV_06,Allocated,,,,Limo,133805,-
2026-10-05,PKG-8FB9D6,DRV_06,Allocated,,,,Limo,128805,-
2026-10-05,PKG-75404C,DRV_06,Allocated,,,,Limo,141160,-
2026-10-05,PKG-65FCAE,DRV_06,Allocated,,,,Limo,135845,-
2026-10-05,PKG-71098A,DRV_06,Allocated,,,,Limo,140996,-
2026-10-05,PKG-420E18,DRV_06,Allocated,,,,Limo,138269,-
2026-10-05,PKG-A0CC0E,DRV_06,Allocated,,,,Limo,133805,-
2026-10-05,PKG-D904E1,DRV_06,Allocated,,,,Limo,133805,-
2026-10-05,PKG-194B85,DRV_06,Allocated,,,,Limo,141185,-
2026-10-05,PKG-1662A5,DRV_06,Allocated,,,,Limo,138168,-
2026-10-05,PKG-8070FB,DRV_06,Allocated,,,,Limo,130843,-
2026-10-05,PKG-7A65F7,DRV_06,Allocated,,,,Limo,138168,-
2026-10-05,PKG-8CEB83,DRV_06,Allocated,,,,Limo,143521,-
2026-10-05,PKG-B4281F,DRV_06,Allocated,,,,Limo,137663,-
2026-10-05,PKG-214F87,DRV_06,Allocated,,,,Limo,138168,-
2026-10-05,PKG-B73D27,DRV_06,Allocated,,,,Pancoran Mas,137087,-
2026-10-05,PKG-25B635,DRV_06,Allocated,,,,Limo,136148,-
2026-10-05,PKG-08C8F0,DRV_06,Allocated,,,,Limo,139804,-
