Package_ID,Driver_ID,Shipment_Status,OFD_Time,Delivered_Time,Status_Reason,Batch_Code,Buyer_District,COD_Amount,Settlement_Status
PKG-5BC855,DRV_41,Out for delivery,2026-08-10 09:58:13,,,,Limo,264802,-
PKG-2F9327,DRV_41,Out for delivery,2026-08-10 09:58:13,,,,Limo,264802,-
PKG-AB8712,DRV_41,Out for delivery,2026-08-10 09:58:13,,,,Limo,262448,-
PKG-A7FF24,DRV_41,Out for delivery,2026-08-10 09:58:13,,,,Limo,248258,-
PKG-F1F59B,DRV_41,Out for delivery,2026-08-10 08:29:06,,,,Limo,248258,-
PKG-059C83,DRV_41,Out for delivery,2026-08-10 09:58:13,,,,Limo,264923,-
PKG-8F07AC,DRV_41,Out for delivery,2026-08-10 09:58:13,,,,Limo,265731,-
PKG-8C0408,DRV_41,Out for delivery,2026-08-10 09:58:13,,,,Limo,264802,-
PKG-70F2ED,DRV_41,Out for delivery,2026-08-10 09:58:13,,,,Limo,264802,-
PKG-4F455D,DRV_41,Out for delivery,2026-08-10 09:58:13,,,,Limo,260479,-
PKG-FB1637,DRV_41,Out for delivery,2026-08-10 08:29:06,,,,Limo,264701,-
PKG-FD68AD,DRV_41,Out for delivery,2026-08-10 09:58:13,,,,Limo,264802,-
PKG-CA49F1,DRV_41,Out for delivery,2026-08-10 09:58:13,,,,Limo,264802,-
PKG-5E3525,DRV_41,Out for delivery,2026-08-10 09:58:13,,,,Limo,264802,-
PKG-DF9522,DRV_41,Out for delivery,2026-08-10 09:58:13,,,,Limo,264802,-
PKG-4EAEDB,DRV_41,Out for delivery,2026-08-10 09:58:13,,,,Limo,264802,-
PKG-9C75EF,DRV_41,Out for delivery,2026-08-10 09:58:13,,,,Limo,264802,-
PKG-F9DF01,DRV_41,Out for delivery,2026-08-10 08:29:06,,,,Limo,257449,-
PKG-1589A2,DRV_41,Out for delivery,2026-08-10 09:58:13,,,,Limo,264802,-
PKG-CA2AB9,DRV_41,Out for delivery,2026-08-10 09:58:13,,,,Limo,264802,-
PKG-F82699,DRV_41,Out for delivery,2026-08-10 09:58:13,,,,Limo,264802,-
PKG-82D638,DRV_41,Out for delivery,2026-08-10 09:58:13,,,,Limo,265731,-
PKG-1A1C7E,DRV_41,Out for delivery,2026-08-10 09:58:13,,,,Limo,251288,-
PKG-12B336,DRV_41,Out for delivery,2026-08-10 09:58:13,,,,Limo,264802,-
PKG-43650F,DRV_41,Out for delivery,2026-08-10 09:58:13,,,,Limo,264802,-
PKG-865AC8,DRV_41,Out for delivery,2026-08-10 09:58:13,,,,Limo,259287,-
PKG-ABEF99,DRV_41,Out for delivery,2026-08-10 12:27:00,,,,Limo,264802,-
PKG-0F534C,DRV_41,Out for delivery,2026-08-10 09:58:13,,,,Limo,264802,-
PKG-24DA60,DRV_41,Out for delivery,2026-08-10 09:58:13,,,,Limo,264802,-
PKG-10C4C9,DRV_41,Out for delivery,2026-08-10 12:27:00,,,,Limo,253773,-
PKG-3525C9,DRV_41,Out for delivery,2026-08-10 07:37:28,,,,Limo,131211,-
PKG-742663,DRV_41,Out for delivery,2026-08-10 07:37:28,,,,Limo,142814,-
PKG-C7D972,DRV_41,Out for delivery,2026-08-10 07:37:28,,,,Limo,143481,-
PKG-E753CC,DRV_41,Out for delivery,2026-08-10 07:37:28,,,,Limo,145056,-
PKG-72E203,DRV_41,Out for delivery,2026-08-10 07:37:28,,,,Limo,141905,-
PKG-ED33B0,DRV_41,Out for delivery,2026-08-10 07:37:28,,,,Limo,135764,-
PKG-A6D7BD,DRV_41,Out for delivery,2026-08-10 07:37:28,,,,Limo,134290,-
PKG-2EA080,DRV_41,Out for delivery,2026-08-10 07:37:28,,,,Limo,142060,-
PKG-A5C6F7,DRV_41,Out for delivery,2026-08-10 07:37:28,,,,Limo,140410,-
PKG-81C4E9,DRV_41,Out for delivery,2026-08-10 07:37:28,,,,Limo,128361,-
PKG-883CC8,DRV_41,Out for delivery,2026-08-10 07:37:28,,,,Limo,141632,-
PKG-07517C,DRV_41,Out for delivery,2026-08-10 07:37:28,,,,Limo,131110,-
PKG-E795B1,DRV_41,Out for delivery,2026-08-10 07:37:28,,,,Limo,142612,-
PKG-DE5D62,DRV_41,Out for delivery,2026-08-10 07:37:28,,,,Limo,131211,-
PKG-1D4FF9,DRV_41,Out for delivery,2026-08-10 07:37:28,,,,Limo,141501,-
PKG-ADF061,DRV_41,Out for delivery,2026-08-10 07:37:28,,,,Limo,131211,-
PKG-8A6444,DRV_41,Out for delivery,2026-08-10 07:37:28,,,,Limo,131211,-
PKG-E2C904,DRV_41,Out for delivery,2026-08-10 07:37:28,,,,Limo,129786,-
PKG-2333A5,DRV_41,Out for delivery,2026-08-10 07:37:28,,,,Limo,134431,-
PKG-52DE9E,DRV_41,Out for delivery,2026-08-10 09:58:13,,,,Limo,142612,-
PKG-2AFFA9,DRV_41,Out for delivery,2026-08-10 07:37:28,,,,Limo,134061,-
PKG-DF5304,DRV_41,Out for delivery,2026-08-10 07:37:28,,,,Limo,142208,-
PKG-D7DAA1,DRV_41,Out for delivery,2026-08-10 07:37:28,,,,Limo,131211,-
PKG-074FB7,DRV_41,Out for delivery,2026-08-10 07:37:28,,,,Limo,144127,-
PKG-9AF004,DRV_41,Out for delivery,2026-08-10 09:58:13,,,,Limo,131211,-
PKG-61F029,DRV_41,Out for delivery,2026-08-10 07:37:28,,,,Limo,131110,-
PKG-689C72,DRV_41,Out for delivery,2026-08-10 07:37:28,,,,Limo,144127,-
PKG-518C30,DRV_41,Out for delivery,2026-08-10 07:37:28,,,,Limo,136912,-
PKG-1FFADC,DRV_41,Out for delivery,2026-08-10 07:37:28,,,,Limo,131211,-
PKG-267815,DRV_41,Out for delivery,2026-08-10 09:58:13,,,,Limo,139380,-
PKG-549612,DRV_41,Out for delivery,2026-08-10 07:37:28,,,,Limo,142612,-
PKG-2F4DCB,DRV_41,Out for delivery,2026-08-10 07:37:28,,,,Limo,140723,-
PKG-E7AB83,DRV_41,Out for delivery,2026-08-10 07:37:28,,,,Limo,138459,-
PKG-A0E290,DRV_41,Out for delivery,2026-08-10 09:58:13,,,,Limo,134061,-
PKG-1233A3,DRV_41,Out for delivery,2026-08-10 07:37:28,,,,Limo,131211,-
PKG-D13C29,DRV_41,Out for delivery,2026-08-10 07:37:28,,,,Limo,131211,-
PKG-6C8C8D,DRV_41,Out for delivery,2026-08-10 07:37:28,,,,Limo,135764,-
PKG-0C9D7A,DRV_41,Out for delivery,2026-08-10 07:37:28,,,,Limo,128361,-
PKG-2E99F9,DRV_41,Out for delivery,2026-08-10 07:37:28,,,,Limo,128361,-
PKG-233DF7,DRV_41,Out for delivery,2026-08-10 09:58:13,,,,Limo,131211,-
PKG-693720,DRV_41,Out for delivery,2026-08-10 07:37:28,,,,Limo,132411,-
PKG-6C827B,DRV_41,Out for delivery,2026-08-10 07:37:28,,,,Limo,140390,-
PKG-782ED9,DRV_41,Out for delivery,2026-08-10 09:58:13,,,,Limo,142511,-
PKG-0A9233,DRV_41,Out for delivery,2026-08-10 07:37:28,,,,Limo,125543,-
PKG-D0F2AD,DRV_41,Out for delivery,2026-08-10 09:58:13,,,,Limo,140390,-
PKG-674B14,DRV_41,Out for delivery,2026-08-10 07:37:28,,,,Limo,134075,-
PKG-2930D9,DRV_41,Out for delivery,2026-08-10 07:37:28,,,,Limo,131211,-
PKG-58AFA0,DRV_41,Out for delivery,2026-08-10 07:37:28,,,,Limo,142612,-
PKG-6502A5,DRV_41,Out for delivery,2026-08-10 07:37:28,,,,Limo,131211,-
PKG-E92BD2,DRV_41,Out for delivery,2026-08-10 07:37:28,,,,Limo,131211,-
PKG-4C16EB,DRV_41,Out for delivery,2026-08-10 07:37:28,,,,Limo,144127,-
PKG-2687E9,DRV_41,Out for delivery,2026-08-10 07:37:28,,,,Limo,142612,-
PKG-258CFA,DRV_41,Out for delivery,2026-08-10 09:58:13,,,,Limo,131211,-
PKG-F5D0C5,DRV_41,Out for delivery,2026-08-10 07:37:28,,,,Limo,135441,-
PKG-869E62,DRV_41,Out for delivery,2026-08-10 07:37:28,,,,Limo,144127,-
PKG-932373,DRV_41,Out for delivery,2026-08-10 07:37:28,,,,Limo,131211,-
PKG-5FD760,DRV_41,Out for delivery,2026-08-10 07:37:28,,,,Limo,136552,-
PKG-E5723C,DRV_41,Out for delivery,2026-08-10 07:37:28,,,,Cinere,157762,-
PKG-32156E,DRV_41,Out for delivery,2026-08-10 07:37:28,,,,Limo,133773,-
PKG-666F8A,DRV_41,Out for delivery,2026-08-10 07:37:28,,,,Limo,132512,-
PKG-0AFED8,DRV_41,Out for delivery,2026-08-10 07:37:28,,,,Limo,144127,-
PKG-333777,DRV_41,Out for delivery,2026-08-10 07:37:28,,,,Limo,142612,-
PKG-8C8DB1,DRV_41,Out for delivery,2026-08-10 07:37:28,,,,Limo,142612,-
PKG-47EDFC,DRV_41,Out for delivery,2026-08-10 09:58:13,,,,Limo,72114,-
PKG-61C21B,DRV_41,Out for delivery,2026-08-10 07:37:28,,,,Limo,133785,-
PKG-CD633E,DRV_41,Out for delivery,2026-08-10 07:37:28,,,,Limo,142612,-
PKG-06A022,DRV_41,Out for delivery,2026-08-10 09:58:13,,,,Limo,142612,-
PKG-4EBA35,DRV_41,Out for delivery,2026-08-10 07:37:28,,,,Limo,142511,-
PKG-1C1980,DRV_41,Out for delivery,2026-08-10 07:37:28,,,,Limo,142612,-
PKG-6941D6,DRV_41,Out for delivery,2026-08-10 07:37:28,,,,Limo,128361,-
PKG-D82242,DRV_41,Out for delivery,2026-08-10 07:37:28,,,,Limo,145319,-
PKG-E2C5C6,DRV_41,Out for delivery,2026-08-10 07:37:28,,,,Limo,131211,-
PKG-233B41,DRV_41,Out for delivery,2026-08-10 12:27:00,,,,Pancoran Mas,142511,-
PKG-CF6F41,DRV_41,Out for delivery,2026-08-10 07:37:28,,,,Limo,125846,-
PKG-49B523,DRV_41,Out for delivery,2026-08-10 07:37:28,,,,Limo,142612,-
PKG-34271C,DRV_41,Out for delivery,2026-08-10 09:58:13,,,,Limo,138177,-
PKG-58DA5D,DRV_41,Out for delivery,2026-08-10 12:27:00,,,,Limo,129786,-
PKG-4CA215,DRV_41,Out for delivery,2026-08-10 09:58:13,,,,Limo,131211,-
PKG-4313BA,DRV_41,Out for delivery,2026-08-10 09:58:13,,,,Limo,142562,-
PKG-A0C545,DRV_41,Out for delivery,2026-08-10 07:37:28,,,,Limo,131211,-
PKG-CFEC2D,DRV_41,Out for delivery,2026-08-10 07:37:28,,,,Limo,144127,-
PKG-736095,DRV_41,Out for delivery,2026-08-10 09:58:13,,,,Limo,131211,-
PKG-B75C9F,DRV_41,Out for delivery,2026-08-10 09:58:13,,,,Limo,131211,-
PKG-4E4667,DRV_41,Out for delivery,2026-08-10 09:58:13,,,,Limo,131211,-
PKG-0EE168,DRV_41,Out for delivery,2026-08-10 09:58:13,,,,Limo,142511,-
PKG-D55C9C,DRV_41,Out for delivery,2026-08-10 09:58:13,,,,Limo,129786,-
PKG-A587D3,DRV_41,Out for delivery,2026-08-10 12:27:00,,,,Limo,143521,-
PKG-0F997C,DRV_41,Out for delivery,2026-08-10 09:58:13,,,,Limo,144127,-
PKG-EAC5E8,DRV_41,Out for delivery,2026-08-10 09:58:13,,,,Limo,136350,-
PKG-4C2FBE,DRV_41,Out for delivery,2026-08-10 09:58:13,,,,Limo,142612,-
PKG-DBF61E,DRV_41,Out for delivery,2026-08-10 09:58:13,,,,Limo,142511,-
PKG-B1B7E9,DRV_41,Out for delivery,2026-08-10 09:58:13,,,,Limo,131211,-
PKG-17B27F,DRV_41,Out for delivery,2026-08-10 09:58:13,,,,Limo,131211,-
PKG-EC3D3E,DRV_41,Out for delivery,2026-08-10 09:58:13,,,,Limo,142612,-
PKG-7610A2,DRV_41,Out for delivery,2026-08-10 09:58:13,,,,Limo,132007,-
PKG-301E42,DRV_41,Out for delivery,2026-08-10 09:58:13,,,,Limo,144127,-
PKG-A62077,DRV_41,Out for delivery,2026-08-10 09:58:13,,,,Limo,142612,-
PKG-760CE0,DRV_41,Out for delivery,2026-08-10 09:58:13,,,,Limo,140996,-
PKG-D99DCD,DRV_41,Out for delivery,2026-08-10 08:29:06,,,,Limo,135764,-
PKG-17736B,DRV_41,Out for delivery,2026-08-10 08:29:06,,,,Limo,129786,-
PKG-0A0F5E,DRV_41,Out for delivery,2026-08-10 09:58:13,,,,Limo,140996,-
PKG-935DAC,DRV_41,Out for delivery,2026-08-10 09:58:13,,,,Limo,142006,-
PKG-7366AB,DRV_41,Out for delivery,2026-08-10 09:58:13,,,,Limo,142612,-
PKG-973317,DRV_41,Out for delivery,2026-08-10 07:37:28,,,,Limo,142612,-
PKG-461835,DRV_41,Out for delivery,2026-08-10 09:58:13,,,,Limo,131899,-
PKG-DD4AD8,DRV_41,Out for delivery,2026-08-10 09:58:13,,,,Limo,145036,-
PKG-9ACDFE,DRV_41,Out for delivery,2026-08-10 09:58:13,,,,Limo,143521,-
PKG-8D1AA1,DRV_41,Out for delivery,2026-08-10 09:58:13,,,,Limo,144127,-
PKG-D7CCD1,DRV_41,Out for delivery,2026-08-10 09:58:13,,,,Limo,144127,-
PKG-1E13A8,DRV_41,Out for delivery,2026-08-10 07:37:28,,,,Limo,131211,-
PKG-D8DAD1,DRV_41,Out for delivery,2026-08-10 09:58:13,,,,Limo,128361,-
PKG-B020A6,DRV_41,Out for delivery,2026-08-10 09:58:13,,,,Limo,142612,-
PKG-31C029,DRV_41,Out for delivery,2026-08-10 09:58:13,,,,Limo,128361,-
PKG-19685E,DRV_41,Out for delivery,2026-08-10 08:29:06,,,,Limo,142612,-
PKG-653434,DRV_41,Out for delivery,2026-08-10 07:37:28,,,,Limo,142612,-
PKG-32A912,DRV_41,Out for delivery,2026-08-10 09:58:13,,,,Limo,145319,-
PKG-1B55DE,DRV_41,Out for delivery,2026-08-10 09:58:13,,,,Limo,131211,-
PKG-6278F5,DRV_41,Out for delivery,2026-08-10 09:58:13,,,,Limo,129786,-
PKG-87584D,DRV_41,Out for delivery,2026-08-10 09:58:13,,,,Limo,142511,-
PKG-F27B83,DRV_41,Out for delivery,2026-08-10 09:58:13,,,,Limo,142612,-
PKG-B41431,DRV_41,Out for delivery,2026-08-10 09:58:13,,,,Limo,142612,-
PKG-4C7F5B,DRV_41,Out for delivery,2026-08-10 07:37:28,,,,Limo,142562,-
PKG-25E8DA,DRV_41,Out for delivery,2026-08-10 09:58:13,,,,Limo,142612,-
PKG-8441F9,DRV_41,Out for delivery,2026-08-10 09:58:13,,,,Limo,142309,-
PKG-C8FFED,DRV_41,Out for delivery,2026-08-10 07:37:28,,,,Limo,131211,-
PKG-28FC11,DRV_41,Out for delivery,2026-08-10 12:27:00,,,,Pancoran Mas,131211,-
PKG-F3CC7A,DRV_41,Out for delivery,2026-08-10 09:58:13,,,,Limo,142612,-
PKG-C16AC9,DRV_41,Out for delivery,2026-08-10 07:37:28,,,,Cinere,135340,-
PKG-8E3C41,DRV_41,Out for delivery,2026-08-10 08:41:08,,,,Limo,131211,-
PKG-077191,DRV_41,Out for delivery,2026-08-10 07:37:28,,,,Limo,142612,-
PKG-EE35F2,DRV_41,Out for delivery,2026-08-10 09:58:13,,,,Limo,142612,-
PKG-35FF23,DRV_41,Out for delivery,2026-08-10 07:37:28,,,,Limo,142612,-
PKG-038BF7,DRV_41,Out for delivery,2026-08-10 09:58:13,,,,Limo,142612,-
PKG-B544F1,DRV_41,Out for delivery,2026-08-10 09:58:13,,,,Limo,134532,-
PKG-69B969,DRV_41,Out for delivery,2026-08-10 07:37:28,,,,Limo,142612,-
PKG-058B4F,DRV_41,Out for delivery,2026-08-10 07:37:28,,,,Limo,128361,-
PKG-ACDEDD,DRV_41,Out for delivery,2026-08-10 09:58:13,,,,Limo,134330,-
PKG-14D58D,DRV_41,Out for delivery,2026-08-10 09:58:13,,,,Limo,131211,-
PKG-805DDD,DRV_41,Out for delivery,2026-08-10 07:37:28,,,,Limo,142612,-
PKG-882B19,DRV_41,Out for delivery,2026-08-10 07:37:28,,,,Limo,134532,-
PKG-172514,DRV_41,Out for delivery,2026-08-10 09:58:13,,,,Limo,142612,-
PKG-5A9853,DRV_41,Out for delivery,2026-08-10 07:37:28,,,,Limo,142612,-
PKG-FBBB63,DRV_41,Out for delivery,2026-08-10 09:58:13,,,,Limo,131211,-
PKG-2FBBBF,DRV_41,Out for delivery,2026-08-10 07:37:28,,,,Limo,142511,-
PKG-845F78,DRV_41,Out for delivery,2026-08-10 09:58:13,,,,Limo,142612,-
PKG-EDAF04,DRV_41,Out for delivery,2026-08-10 07:37:28,,,,Limo,131211,-
PKG-C20ED3,DRV_41,Out for delivery,2026-08-10 07:37:28,,,,Limo,126755,-
PKG-2A47D6,DRV_41,Out for delivery,2026-08-10 07:37:28,,,,Limo,131211,-
PKG-538C5C,DRV_41,Out for delivery,2026-08-10 07:37:28,,,,Limo,128361,-
PKG-33342E,DRV_41,Out for delivery,2026-08-10 07:37:28,,,,Limo,135441,-
PKG-365642,DRV_41,Out for delivery,2026-08-10 09:58:13,,,,Limo,132512,-
PKG-3B25AC,DRV_41,Out for delivery,2026-08-10 12:27:00,,,,Limo,128361,-
PKG-BFA97B,DRV_41,Out for delivery,2026-08-10 07:37:28,,,,Limo,142511,-
PKG-4E6E53,DRV_41,Out for delivery,2026-08-10 09:58:13,,,,Limo,137002,-
PKG-924669,DRV_41,Out for delivery,2026-08-10 12:27:00,,,,Limo,129786,-
PKG-29FDE2,DRV_41,Out for delivery,2026-08-10 09:58:13,,,,Limo,136912,-
PKG-FFE0AD,DRV_41,Out for delivery,2026-08-10 12:27:00,,,,Limo,142612,-
PKG-06D7D5,DRV_41,Out for delivery,2026-08-10 12:27:00,,,,Limo,145541,-
PKG-C4A365,DRV_41,Out for delivery,2026-08-10 07:37:28,,,,Limo,142612,-
PKG-49BD54,DRV_41,Out for delivery,2026-08-10 12:27:00,,,,Limo,129786,-
PKG-2A6852,DRV_41,Out for delivery,2026-08-10 07:37:28,,,,Limo,137057,-
PKG-39E0C1,DRV_41,Out for delivery,2026-08-10 09:58:13,,,,Limo,142612,-
PKG-5FDA52,DRV_41,Out for delivery,2026-08-10 07:37:28,,,,Limo,136811,-
PKG-474634,DRV_41,Out for delivery,2026-08-10 07:37:28,,,,Limo,142511,-
PKG-8F859D,DRV_41,Out for delivery,2026-08-10 07:37:28,,,,Limo,142612,-
PKG-54DC13,DRV_41,Out for delivery,2026-08-10 07:37:28,,,,Limo,134061,-
PKG-182369,DRV_41,Out for delivery,2026-08-10 12:27:00,,,,Limo,142612,-
PKG-FD157E,DRV_41,Out for delivery,2026-08-10 09:58:13,,,,Limo,142511,-
PKG-3EAAFC,DRV_41,Out for delivery,2026-08-10 09:58:13,,,,Limo,142612,-
PKG-9476DC,DRV_41,Out for delivery,2026-08-10 12:27:00,,,,Limo,131211,-
PKG-421C06,DRV_41,Out for delivery,2026-08-10 07:37:28,,,,Limo,142612,-
PKG-F93F24,DRV_41,Out for delivery,2026-08-10 09:58:13,,,,Limo,142612,-
PKG-B18468,DRV_41,Out for delivery,2026-08-10 09:58:13,,,,Limo,136912,-
PKG-EF9016,DRV_41,Out for delivery,2026-08-10 07:37:28,,,,Limo,132512,-
PKG-74B00D,DRV_41,Out for delivery,2026-08-10 07:37:28,,,,Limo,142612,-
PKG-FA45B5,DRV_41,Out for delivery,2026-08-10 07:37:28,,,,Limo,128361,-
PKG-74876C,DRV_41,Out for delivery,2026-08-10 07:37:28,,,,Limo,142612,-
PKG-BADDE6,DRV_41,Out for delivery,2026-08-10 12:27:00,,,,Limo,129786,-
PKG-4B620F,DRV_41,Out for delivery,2026-08-10 12:27:00,,,,Pancoran Mas,129786,-
PKG-F577D5,DRV_41,Out for delivery,2026-08-10 07:37:28,,,,Limo,138471,-
PKG-E26862,DRV_41,Out for delivery,2026-08-10 09:58:13,,,,Limo,142612,-
PKG-BC8648,DRV_41,Out for delivery,2026-08-10 09:58:13,,,,Limo,108171,-
PKG-A03832,DRV_41,Out for delivery,2026-08-10 09:58:13,,,,Limo,131211,-
PKG-C130E7,DRV_41,Out for delivery,2026-08-10 09:58:13,,,,Limo,128361,-
PKG-0802AD,DRV_41,Out for delivery,2026-08-10 07:37:28,,,,Limo,142612,-
PKG-737180,DRV_41,Out for delivery,2026-08-10 12:27:00,,,,Limo,134431,-
PKG-69D347,DRV_41,Out for delivery,2026-08-10 09:58:13,,,,Limo,132512,-
PKG-91F3C2,DRV_41,Out for delivery,2026-08-10 07:37:28,,,,Limo,142612,-
PKG-12DF82,DRV_41,Out for delivery,2026-08-10 09:58:13,,,,Limo,131211,-
PKG-08E449,DRV_41,Out for delivery,2026-08-10 09:58:13,,,,Limo,136912,-
PKG-D2EF28,DRV_41,Out for delivery,2026-08-10 07:37:28,,,,Limo,131211,-
PKG-77EAB6,DRV_41,Out for delivery,2026-08-10 09:58:13,,,,Limo,131211,-
PKG-7F4F93,DRV_41,Out for delivery,2026-08-10 07:37:28,,,,Limo,138774,-
PKG-3A1512,DRV_41,Out for delivery,2026-08-10 07:37:28,,,,Limo,131211,-
PKG-00DEE5,DRV_41,Out for delivery,2026-08-10 07:37:28,,,,Limo,128361,-
PKG-9FA2E3,DRV_41,Out for delivery,2026-08-10 07:37:28,,,,Limo,131211,-
PKG-B5C249,DRV_41,Out for delivery,2026-08-10 07:37:28,,,,Limo,142612,-
PKG-09088A,DRV_41,Out for delivery,2026-08-10 07:37:28,,,,Limo,129786,-
PKG-6CA048,DRV_41,Out for delivery,2026-08-10 09:58:13,,,,Limo,131211,-
PKG-467B2A,DRV_41,Out for delivery,2026-08-10 09:58:13,,,,Limo,125846,-
PKG-DEB55C,DRV_41,Out for delivery,2026-08-10 09:58:13,,,,Limo,131211,-
PKG-3B732D,DRV_41,Out for delivery,2026-08-10 09:58:13,,,,Limo,138941,-
PKG-D101D1,DRV_41,Out for delivery,2026-08-10 09:58:13,,,,Limo,140703,-
PKG-89D7BC,DRV_41,Out for delivery,2026-08-10 07:37:28,,,,Limo,129786,-
PKG-FC36CD,DRV_41,Out for delivery,2026-08-10 09:58:13,,,,Limo,130492,-
PKG-3C868A,DRV_41,Out for delivery,2026-08-10 07:37:28,,,,Limo,139492,-
PKG-1E257D,DRV_41,Out for delivery,2026-08-10 09:58:13,,,,Limo,134431,-
PKG-844E3B,DRV_41,Out for delivery,2026-08-10 09:58:13,,,,Limo,134532,-
PKG-95E160,DRV_41,Out for delivery,2026-08-10 08:29:06,,,,Limo,128361,-
PKG-2E8651,DRV_41,Out for delivery,2026-08-10 09:58:13,,,,Limo,117261,-
PKG-52B9AB,DRV_41,Out for delivery,2026-08-10 07:37:28,,,,Limo,145541,-
PKG-C9A0B8,DRV_41,Out for delivery,2026-08-10 09:58:13,,,,Limo,142612,-
PKG-CDA625,DRV_41,Out for delivery,2026-08-10 09:58:13,,,,Limo,129209,-
PKG-B367D3,DRV_41,Out for delivery,2026-08-10 08:29:06,,,,Limo,136912,-
PKG-3CB667,DRV_41,Out for delivery,2026-08-10 07:37:28,,,,Limo,142511,-
PKG-74098F,DRV_41,Out for delivery,2026-08-10 07:37:28,,,,Limo,131110,-
PKG-F71088,DRV_41,Out for delivery,2026-08-10 07:37:28,,,,Limo,142612,-
PKG-E5709B,DRV_41,Out for delivery,2026-08-10 09:58:13,,,,Limo,138673,-
PKG-F98223,DRV_41,Out for delivery,2026-08-10 07:37:28,,,,Limo,134061,-
PKG-35E4A8,DRV_41,Out for delivery,2026-08-10 07:37:28,,,,Limo,131211,-
PKG-BBE262,DRV_41,Out for delivery,2026-08-10 07:37:28,,,,Limo,133310,-
PKG-67EEAE,DRV_41,Out for delivery,2026-08-10 09:58:13,,,,Limo,128361,-
PKG-EF7B6C,DRV_41,Out for delivery,2026-08-10 09:58:13,,,,Limo,131211,-
PKG-12AFB7,DRV_41,Out for delivery,2026-08-10 07:37:28,,,,Limo,134532,-
PKG-4CB8E6,DRV_41,Out for delivery,2026-08-10 09:58:13,,,,Limo,135431,-
PKG-17C76D,DRV_41,Out for delivery,2026-08-10 07:37:28,,,,Limo,131211,-
PKG-B43BDC,DRV_41,Out for delivery,2026-08-10 07:37:28,,,,Limo,132411,-
PKG-C9E786,DRV_41,Out for delivery,2026-08-10 07:37:28,,,,Limo,131211,-
PKG-6C0E75,DRV_41,Out for delivery,2026-08-10 07:37:28,,,,Limo,131211,-
PKG-4B49F2,DRV_41,Out for delivery,2026-08-10 07:37:28,,,,Limo,129786,-
PKG-B60852,DRV_41,Out for delivery,2026-08-10 09:58:13,,,,Limo,142612,-
PKG-D807C0,DRV_41,Out for delivery,2026-08-10 09:58:13,,,,Limo,142612,-
PKG-40A79F,DRV_41,Out for delivery,2026-08-10 07:37:28,,,,Limo,131211,-
PKG-ECD1FE,DRV_41,Out for delivery,2026-08-10 07:37:28,,,,Limo,134061,-
PKG-A3D76D,DRV_41,Out for delivery,2026-08-10 09:58:13,,,,Limo,133812,-
PKG-B410D8,DRV_41,Out for delivery,2026-08-10 09:58:13,,,,Limo,142612,-
PKG-160AA9,DRV_41,Out for delivery,2026-08-10 07:37:28,,,,Limo,131211,-
PKG-944617,DRV_41,Out for delivery,2026-08-10 07:37:28,,,,Limo,131211,-
PKG-9A84DF,DRV_41,Out for delivery,2026-08-10 07:37:28,,,,Limo,134431,-
PKG-52963E,DRV_41,Out for delivery,2026-08-10 09:58:13,,,,Limo,132512,-
PKG-476005,DRV_41,Out for delivery,2026-08-10 09:58:13,,,,Limo,131211,-
PKG-59AC0C,DRV_41,Out for delivery,2026-08-10 09:58:13,,,,Limo,138168,-
PKG-F86F14,DRV_41,Out for delivery,2026-08-10 09:58:13,,,,Limo,134061,-
PKG-F964A2,DRV_41,Out for delivery,2026-08-10 09:58:13,,,,Limo,131211,-
PKG-70CC11,DRV_41,Out for delivery,2026-08-10 09:58:13,,,,Limo,134532,-
PKG-8691E8,DRV_41,Out for delivery,2026-08-10 09:58:13,,,,Limo,131211,-
PKG-87ADE2,DRV_41,Out for delivery,2026-08-10 09:58:13,,,,Limo,144127,-
PKG-1D80AB,DRV_41,Out for delivery,2026-08-10 07:37:28,,,,Limo,139279,-
PKG-6B4BCB,DRV_41,Out for delivery,2026-08-10 12:27:00,,,,Pancoran Mas,131211,-
PKG-428FEC,DRV_41,Out for delivery,2026-08-10 07:37:28,,,,Limo,137753,-
PKG-B8F42C,DRV_41,Out for delivery,2026-08-10 12:27:00,,,,Pancoran Mas,135340,-
PKG-670F36,DRV_41,Out for delivery,2026-08-10 07:37:28,,,,Limo,129786,-
PKG-9EB7E1,DRV_41,Out for delivery,2026-08-10 09:58:13,,,,Limo,142612,-
PKG-256971,DRV_41,Out for delivery,2026-08-10 07:37:28,,,,Limo,131211,-
PKG-2CBAFC,DRV_41,Out for delivery,2026-08-10 09:58:13,,,,Limo,131833,-
PKG-ED2FF2,DRV_41,Out for delivery,2026-08-10 09:58:13,,,,Limo,131211,-
PKG-E68637,DRV_41,Out for delivery,2026-08-10 09:58:13,,,,Limo,138370,-
PKG-4BC462,DRV_41,Out for delivery,2026-08-10 07:37:28,,,,Limo,134431,-
PKG-D73F9E,DRV_41,Out for delivery,2026-08-10 09:58:13,,,,Limo,142511,-
PKG-00D115,DRV_41,Out for delivery,2026-08-10 07:37:28,,,,Limo,137916,-
PKG-7F227B,DRV_41,Out for delivery,2026-08-10 07:37:28,,,,Limo,128361,-
PKG-AA8C40,DRV_41,Out for delivery,2026-08-10 09:58:13,,,,Limo,142612,-
PKG-A6C344,DRV_41,Out for delivery,2026-08-10 07:37:28,,,,Limo,131211,-
PKG-74995C,DRV_41,Out for delivery,2026-08-10 09:58:13,,,,Limo,131211,-
PKG-0FBA2E,DRV_41,Out for delivery,2026-08-10 12:27:00,,,,Limo,131211,-
PKG-7E9383,DRV_41,Out for delivery,2026-08-10 09:58:13,,,,Limo,132322,-
PKG-C781EC,DRV_41,Out for delivery,2026-08-10 07:37:28,,,,Limo,132322,-
PKG-794755,DRV_41,Out for delivery,2026-08-10 07:37:28,,,,Limo,142612,-
PKG-9F6130,DRV_41,Out for delivery,2026-08-10 09:58:13,,,,Limo,132120,-
PKG-2A5296,DRV_41,Out for delivery,2026-08-10 09:58:13,,,,Limo,142612,-
PKG-FCE0EC,DRV_41,Out for delivery,2026-08-10 07:37:28,,,,Limo,142410,-
PKG-B18562,DRV_41,Out for delivery,2026-08-10 09:58:13,,,,Limo,131211,-
PKG-23F897,DRV_41,Out for delivery,2026-08-10 07:37:28,,,,Limo,128361,-
PKG-A0D5DC,DRV_41,Out for delivery,2026-08-10 09:58:13,,,,Limo,136912,-
PKG-BE83DF,DRV_41,Out for delivery,2026-08-10 09:58:13,,,,Limo,131211,-
PKG-9AD906,DRV_41,Out for delivery,2026-08-10 09:58:13,,,,Limo,131211,-
PKG-EB1689,DRV_41,Out for delivery,2026-08-10 12:27:00,,,,Pancoran Mas,142612,-
PKG-6E2D64,DRV_41,Out for delivery,2026-08-10 07:37:28,,,,Limo,140491,-
PKG-32A845,DRV_41,Out for delivery,2026-08-10 07:37:28,,,,Limo,140784,-
PKG-0F4186,DRV_41,Out for delivery,2026-08-10 09:58:13,,,,Limo,142612,-
PKG-7D1B74,DRV_41,Out for delivery,2026-08-10 07:37:28,,,,Limo,142511,-
PKG-638389,DRV_41,Out for delivery,2026-08-10 09:58:13,,,,Limo,142612,-
PKG-4565E0,DRV_41,Out for delivery,2026-08-10 09:58:13,,,,Limo,134061,-
PKG-D57311,DRV_41,Out for delivery,2026-08-10 09:58:13,,,,Limo,131211,-
PKG-092C0F,DRV_41,Out for delivery,2026-08-10 09:58:13,,,,Limo,132120,-
PKG-ED2AEC,DRV_41,Out for delivery,2026-08-10 09:58:13,,,,Limo,134431,-
PKG-570FD7,DRV_41,Out for delivery,2026-08-10 08:41:08,,,,Limo,128361,-
PKG-BAF4C1,DRV_41,Out for delivery,2026-08-10 09:58:13,,,,Limo,142612,-
PKG-F9472A,DRV_41,Out for delivery,2026-08-10 07:37:28,,,,Limo,142612,-
PKG-BC5B43,DRV_41,Out for delivery,2026-08-10 09:58:13,,,,Limo,131211,-
PKG-A0B2A3,DRV_41,Out for delivery,2026-08-10 07:37:28,,,,Limo,131211,-
PKG-2F92C2,DRV_41,Out for delivery,2026-08-10 09:58:13,,,,Limo,142612,-
PKG-64F7F7,DRV_41,Out for delivery,2026-08-10 09:58:13,,,,Limo,133375,-
PKG-E06438,DRV_41,Out for delivery,2026-08-10 09:58:13,,,,Limo,131211,-
PKG-8152DE,DRV_41,Out for delivery,2026-08-10 07:37:28,,,,Limo,133724,-
PKG-B211FA,DRV_41,Out for delivery,2026-08-10 09:58:13,,,,Limo,131211,-
PKG-21A4B6,DRV_41,Out for delivery,2026-08-10 12:27:00,,,,Pancoran Mas,142612,-
PKG-8BF1E6,DRV_41,Out for delivery,2026-08-10 09:58:13,,,,Limo,131211,-
PKG-446250,DRV_41,Out for delivery,2026-08-10 09:58:13,,,,Limo,131211,-
PKG-3FFC56,DRV_41,Out for delivery,2026-08-10 07:37:28,,,,Limo,144127,-
PKG-BDB3A9,DRV_41,Out for delivery,2026-08-10 09:58:13,,,,Limo,142612,-
PKG-8DA9C8,DRV_41,Out for delivery,2026-08-10 09:58:13,,,,Limo,142612,-
PKG-A61932,DRV_41,Out for delivery,2026-08-10 12:27:00,,,,Limo,131211,-
PKG-77DA84,DRV_41,Out for delivery,2026-08-10 09:58:13,,,,Limo,142511,-
PKG-652281,DRV_41,Out for delivery,2026-08-10 09:58:13,,,,Limo,131211,-
PKG-19D75B,DRV_41,Out for delivery,2026-08-10 09:58:13,,,,Limo,142612,-
PKG-C1AB6F,DRV_41,Out for delivery,2026-08-10 09:58:13,,,,Limo,142612,-
PKG-342F62,DRV_41,Out for delivery,2026-08-10 09:58:13,,,,Limo,133409,-
PKG-4851EC,DRV_41,Out for delivery,2026-08-10 09:58:13,,,,Limo,140289,-
PKG-64EE37,DRV_41,Out for delivery,2026-08-10 09:58:13,,,,Limo,131211,-
PKG-7EEE1E,DRV_41,Out for delivery,2026-08-10 09:58:13,,,,Limo,142612,-
PKG-847501,DRV_41,Out for delivery,2026-08-10 07:37:28,,,,Limo,129786,-
PKG-DE6F27,DRV_41,Out for delivery,2026-08-10 12:27:00,,,,Limo,129786,-
PKG-AB80BE,DRV_41,Out for delivery,2026-08-10 07:37:28,,,,Limo,128361,-
PKG-0C56D3,DRV_41,Out for delivery,2026-08-10 09:58:13,,,,Limo,142511,-
PKG-759EBB,DRV_41,Out for delivery,2026-08-10 07:37:28,,,,Limo,142612,-
PKG-205820,DRV_41,Out for delivery,2026-08-10 09:58:13,,,,Limo,132174,-
PKG-5BED55,DRV_41,Out for delivery,2026-08-10 09:58:13,,,,Limo,131211,-
PKG-045E23,DRV_41,Out for delivery,2026-08-10 07:37:28,,,,Limo,134431,-
PKG-C6D35A,DRV_41,Out for delivery,2026-08-10 12:27:00,,,,Pancoran Mas,134061,-
PKG-30A055,DRV_41,Out for delivery,2026-08-10 07:37:28,,,,Limo,136239,-
PKG-8A4EE8,DRV_41,Out for delivery,2026-08-10 07:37:28,,,,Limo,142612,-
PKG-A74909,DRV_41,Out for delivery,2026-08-10 09:58:13,,,,Limo,131211,-
PKG-6E6F9B,DRV_41,Out for delivery,2026-08-10 07:37:28,,,,Limo,131211,-
PKG-713598,DRV_41,Out for delivery,2026-08-10 09:58:13,,,,Limo,144127,-
PKG-EF867F,DRV_41,Out for delivery,2026-08-10 07:37:28,,,,Limo,128361,-
PKG-D36D30,DRV_41,Out for delivery,2026-08-10 07:37:28,,,,Limo,131211,-
PKG-957947,DRV_41,Out for delivery,2026-08-10 07:37:28,,,,Limo,131211,-
PKG-777541,DRV_41,Out for delivery,2026-08-10 07:37:28,,,,Limo,131211,-
PKG-CC8EE4,DRV_41,Out for delivery,2026-08-10 09:58:13,,,,Limo,128361,-
PKG-AB3D56,DRV_41,Out for delivery,2026-08-10 07:37:28,,,,Limo,131211,-
PKG-3073B4,DRV_41,Out for delivery,2026-08-10 09:58:13,,,,Limo,134431,-
PKG-C8BE11,DRV_41,Out for delivery,2026-08-10 07:37:28,,,,Limo,143521,-
PKG-058638,DRV_41,Out for delivery,2026-08-10 07:37:28,,,,Limo,134532,-
PKG-5797F0,DRV_41,Out for delivery,2026-08-10 09:58:13,,,,Limo,142612,-
PKG-50173D,DRV_41,Out for delivery,2026-08-10 12:27:00,,,,Pancoran Mas,138572,-
PKG-1720E3,DRV_41,Out for delivery,2026-08-10 09:58:13,,,,Limo,138269,-
PKG-670470,DRV_41,Out for delivery,2026-08-10 07:37:28,,,,Limo,134229,-
PKG-DDBF9A,DRV_41,Out for delivery,2026-08-10 09:58:13,,,,Limo,140186,-
PKG-2A8800,DRV_41,Out for delivery,2026-08-10 09:58:13,,,,Limo,131211,-
PKG-82CFF8,DRV_41,Out for delivery,2026-08-10 09:58:13,,,,Limo,131211,-
PKG-B21246,DRV_41,Out for delivery,2026-08-10 07:37:28,,,,Limo,129472,-
PKG-739623,DRV_41,Out for delivery,2026-08-10 07:37:28,,,,Limo,142612,-
PKG-581F61,DRV_41,Out for delivery,2026-08-10 09:58:13,,,,Limo,134061,-
PKG-B03863,DRV_41,Out for delivery,2026-08-10 09:58:13,,,,Limo,142511,-
PKG-163048,DRV_41,Out for delivery,2026-08-10 07:37:28,,,,Limo,139077,-
PKG-2EEC05,DRV_41,Out for delivery,2026-08-10 09:58:13,,,,Limo,131211,-
PKG-797A0E,DRV_41,Out for delivery,2026-08-10 07:37:28,,,,Limo,142612,-
PKG-860C31,DRV_41,Out for delivery,2026-08-10 09:58:13,,,,Limo,131211,-
PKG-DFB2E9,DRV_41,Out for delivery,2026-08-10 09:58:13,,,,Limo,142612,-
PKG-016990,DRV_41,Out for delivery,2026-08-10 12:27:00,,,,Pancoran Mas,128361,-
PKG-022406,DRV_41,Out for delivery,2026-08-10 09:58:13,,,,Limo,131211,-
PKG-AC93AF,DRV_41,Out for delivery,2026-08-10 12:27:00,,,,Pancoran Mas,129786,-
PKG-5FB5AD,DRV_41,Out for delivery,2026-08-10 07:37:28,,,,Limo,139986,-
PKG-82810D,DRV_41,Out for delivery,2026-08-10 07:37:28,,,,Limo,134061,-
PKG-82FECC,DRV_41,Out for delivery,2026-08-10 07:37:28,,,,Limo,128361,-
PKG-6BDB2A,DRV_41,Out for delivery,2026-08-10 09:58:13,,,,Limo,135542,-
PKG-16F60D,DRV_41,Out for delivery,2026-08-10 07:37:28,,,,Limo,131211,-
PKG-D5D5C7,DRV_41,Out for delivery,2026-08-10 07:37:28,,,,Limo,142562,-
PKG-71011B,DRV_41,Out for delivery,2026-08-10 09:58:13,,,,Limo,141501,-
PKG-A5EE7C,DRV_41,Out for delivery,2026-08-10 09:58:13,,,,Limo,129786,-
PKG-57417F,DRV_41,Out for delivery,2026-08-10 08:29:06,,,,Limo,142562,-
PKG-992248,DRV_41,Out for delivery,2026-08-10 09:58:13,,,,Limo,128361,-
PKG-BC8F98,DRV_41,Out for delivery,2026-08-10 07:37:28,,,,Limo,135880,-
PKG-1725FC,DRV_41,Out for delivery,2026-08-10 08:29:06,,,,Limo,131211,-
PKG-1C9BCD,DRV_41,Out for delivery,2026-08-10 09:58:13,,,,Limo,131211,-
PKG-E8E9E6,DRV_41,Out for delivery,2026-08-10 07:37:28,,,,Limo,128361,-
PKG-1DDA64,DRV_41,Out for delivery,2026-08-10 07:37:28,,,,Limo,137033,-
PKG-34EFF3,DRV_41,Out for delivery,2026-08-10 07:37:28,,,,Limo,131211,-
PKG-CCA550,DRV_41,Out for delivery,2026-08-10 07:37:28,,,,Limo,131211,-
PKG-7DA272,DRV_41,Out for delivery,2026-08-10 07:37:28,,,,Limo,131211,-
PKG-F8DF32,DRV_41,Out for delivery,2026-08-10 09:58:13,,,,Limo,140996,-
PKG-C8E347,DRV_41,Out for delivery,2026-08-10 07:37:28,,,,Limo,142612,-
PKG-51AFA4,DRV_41,Out for delivery,2026-08-10 07:37:28,,,,Limo,128361,-
PKG-E2B890,DRV_41,Out for delivery,2026-08-10 12:27:00,,,,Pancoran Mas,142612,-
PKG-24CD4F,DRV_41,Out for delivery,2026-08-10 09:58:13,,,,Limo,131211,-
PKG-3DFF62,DRV_41,Out for delivery,2026-08-10 07:37:28,,,,Limo,137375,-
PKG-CA1EC4,DRV_41,Out for delivery,2026-08-10 12:27:00,,,,Pancoran Mas,133623,-
PKG-616C47,DRV_41,Out for delivery,2026-08-10 07:37:28,,,,Limo,142612,-
PKG-A75C53,DRV_41,Out for delivery,2026-08-10 09:58:13,,,,Limo,134532,-
PKG-807952,DRV_41,Out for delivery,2026-08-10 09:58:13,,,,Limo,131211,-
PKG-A3F10B,DRV_41,Out for delivery,2026-08-10 07:37:28,,,,Limo,140996,-
PKG-D7E74B,DRV_41,Out for delivery,2026-08-10 07:37:28,,,,Limo,142612,-
PKG-0ECAF6,DRV_41,Out for delivery,2026-08-10 07:37:28,,,,Limo,142612,-
PKG-B84D8F,DRV_41,Out for delivery,2026-08-10 07:37:28,,,,Limo,130695,-
PKG-93BE88,DRV_41,Out for delivery,2026-08-10 07:37:28,,,,Limo,142612,-
PKG-F8FC68,DRV_41,Out for delivery,2026-08-10 07:37:28,,,,Limo,132322,-
PKG-ECBF77,DRV_41,Out for delivery,2026-08-10 07:37:28,,,,Limo,142612,-
PKG-2350E9,DRV_41,Out for delivery,2026-08-10 07:37:28,,,,Limo,131211,-
PKG-31F4C3,DRV_41,Out for delivery,2026-08-10 07:37:28,,,,Limo,137704,-
PKG-8114CD,DRV_41,Out for delivery,2026-08-10 07:37:28,,,,Limo,128361,-
PKG-BDB2B1,DRV_41,Out for delivery,2026-08-10 07:37:28,,,,Limo,131211,-
PKG-98A0FA,DRV_41,Out for delivery,2026-08-10 07:37:28,,,,Limo,131211,-
PKG-D9D4E0,DRV_41,Out for delivery,2026-08-10 07:37:28,,,,Limo,131211,-
PKG-2B75E1,DRV_41,Out for delivery,2026-08-10 07:37:28,,,,Limo,131211,-
PKG-2DE45F,DRV_41,Out for delivery,2026-08-10 07:37:28,,,,Limo,132512,-
PKG-F3DC44,DRV_41,Out for delivery,2026-08-10 12:27:00,,,,Limo,131211,-
PKG-55DC63,DRV_41,Out for delivery,2026-08-10 08:29:06,,,,Limo,131211,-
PKG-46BEFB,DRV_41,Out for delivery,2026-08-10 07:37:28,,,,Limo,142612,-
PKG-408F5D,DRV_41,Out for delivery,2026-08-10 07:37:28,,,,Limo,142612,-
PKG-971EF9,DRV_41,Out for delivery,2026-08-10 09:58:13,,,,Limo,131211,-
PKG-82547E,DRV_41,Out for delivery,2026-08-10 07:37:28,,,,Limo,131211,-
PKG-CDF7E9,DRV_41,Out for delivery,2026-08-10 09:58:13,,,,Limo,131110,-
PKG-AA14D6,DRV_41,Out for delivery,2026-08-10 07:37:28,,,,Limo,132322,-
PKG-BAA825,DRV_41,Out for delivery,2026-08-10 09:58:13,,,,Limo,128361,-
PKG-658AC1,DRV_41,Out for delivery,2026-08-10 09:58:13,,,,Limo,142612,-
PKG-FF1175,DRV_41,Out for delivery,2026-08-10 08:29:06,,,,Limo,131211,-
PKG-CB3B6A,DRV_41,Out for delivery,2026-08-10 07:37:28,,,,Limo,133522,-
PKG-46D221,DRV_41,Out for delivery,2026-08-10 09:58:13,,,,Limo,142612,-
PKG-45EA5A,DRV_41,Out for delivery,2026-08-10 07:37:28,,,,Limo,131211,-
PKG-40929D,DRV_41,Out for delivery,2026-08-10 09:58:13,,,,Limo,134431,-
PKG-1465F4,DRV_41,Out for delivery,2026-08-10 07:37:28,,,,Limo,142612,-
PKG-C39421,DRV_41,Out for delivery,2026-08-10 07:37:28,,,,Limo,132411,-
PKG-EB24C9,DRV_41,Out for delivery,2026-08-10 09:58:13,,,,Limo,142612,-
PKG-47A22F,DRV_41,Out for delivery,2026-08-10 09:58:13,,,,Limo,128361,-
PKG-F86513,DRV_41,Out for delivery,2026-08-10 09:58:13,,,,Limo,142612,-
PKG-A61C36,DRV_41,Out for delivery,2026-08-10 07:37:28,,,,Limo,134027,-
PKG-7D006D,DRV_41,Out for delivery,2026-08-10 09:58:13,,,,Limo,129786,-
PKG-B3365A,DRV_41,Out for delivery,2026-08-10 09:58:13,,,,Limo,142612,-
PKG-4640EC,DRV_41,Out for delivery,2026-08-10 09:58:13,,,,Limo,131211,-
PKG-28F1BA,DRV_41,Out for delivery,2026-08-10 09:58:13,,,,Limo,134061,-
PKG-EC1F2D,DRV_41,Out for delivery,2026-08-10 09:58:13,,,,Limo,142612,-
PKG-68CD1A,DRV_41,Out for delivery,2026-08-10 09:58:13,,,,Limo,131211,-
PKG-EFE3F0,DRV_41,Out for delivery,2026-08-10 07:37:28,,,,Limo,142511,-
PKG-EF3B2D,DRV_41,Out for delivery,2026-08-10 09:58:13,,,,Limo,142612,-
PKG-C3D12A,DRV_41,Out for delivery,2026-08-10 07:37:28,,,,Limo,135542,-
PKG-6A976B,DRV_41,Out for delivery,2026-08-10 07:37:28,,,,Limo,130324,-
PKG-B55602,DRV_41,Out for delivery,2026-08-10 09:58:13,,,,Limo,131211,-
PKG-2FE3D0,DRV_41,Out for delivery,2026-08-10 09:58:13,,,,Limo,131211,-
PKG-45FD52,DRV_41,Out for delivery,2026-08-10 07:37:28,,,,Limo,131211,-
PKG-14119F,DRV_41,Out for delivery,2026-08-10 09:58:13,,,,Limo,129786,-
PKG-2AE2AC,DRV_41,Out for delivery,2026-08-10 09:58:13,,,,Limo,131431,-
PKG-3FF28F,DRV_41,Out for delivery,2026-08-10 09:58:13,,,,Limo,142612,-
PKG-F20119,DRV_41,Out for delivery,2026-08-10 09:58:13,,,,Limo,131211,-
PKG-BD0C5D,DRV_41,Out for delivery,2026-08-10 07:37:28,,,,Limo,131211,-
PKG-D7A612,DRV_41,Out for delivery,2026-08-10 09:58:13,,,,Limo,131211,-
PKG-323A98,DRV_41,Out for delivery,2026-08-10 09:58:13,,,,Limo,134431,-
PKG-45EDAA,DRV_41,Out for delivery,2026-08-10 09:58:13,,,,Limo,131211,-
PKG-7F20CF,DRV_41,Out for delivery,2026-08-10 07:37:28,,,,Limo,144127,-
PKG-97E289,DRV_41,Out for delivery,2026-08-10 09:58:13,,,,Limo,125543,-
PKG-477B36,DRV_41,Out for delivery,2026-08-10 12:27:00,,,,Limo,131211,-
PKG-6D1EEB,DRV_41,Out for delivery,2026-08-10 07:37:28,,,,Limo,125543,-
PKG-2A7711,DRV_41,Out for delivery,2026-08-10 09:58:13,,,,Limo,125543,-
PKG-E23AD6,DRV_41,Out for delivery,2026-08-10 09:58:13,,,,Limo,125543,-
PKG-90195D,DRV_41,Out for delivery,2026-08-10 07:37:28,,,,Limo,124180,-
PKG-C3C12D,DRV_41,Out for delivery,2026-08-10 07:37:28,,,,Limo,115786,-
PKG-51BC9F,DRV_41,Out for delivery,2026-08-10 09:58:13,,,,Limo,125846,-
PKG-7D7426,DRV_41,Out for delivery,2026-08-10 09:58:13,,,,Limo,116897,-
PKG-9D3D95,DRV_41,Out for delivery,2026-08-10 07:37:28,,,,Limo,142612,-
PKG-900DDB,DRV_41,Out for delivery,2026-08-10 07:37:28,,,,Limo,144127,-
PKG-04DAE8,DRV_41,Out for delivery,2026-08-10 09:58:13,,,,Limo,125846,-
PKG-FFBE00,DRV_41,Out for delivery,2026-08-10 09:58:13,,,,Limo,136451,-
PKG-A6A897,DRV_41,Out for delivery,2026-08-10 09:58:13,,,,Limo,131704,-
PKG-16BA8B,DRV_41,Out for delivery,2026-08-10 07:37:28,,,,Limo,131211,-
PKG-E01303,DRV_41,Out for delivery,2026-08-10 07:37:28,,,,Limo,142410,-
PKG-285696,DRV_41,Out for delivery,2026-08-10 09:58:13,,,,Limo,132322,-
PKG-89C225,DRV_41,Out for delivery,2026-08-10 07:37:28,,,,Limo,131211,-
PKG-B5558B,DRV_41,Out for delivery,2026-08-10 07:37:28,,,,Limo,142612,-
PKG-6D402B,DRV_41,Out for delivery,2026-08-10 09:58:13,,,,Limo,131211,-
PKG-391822,DRV_41,Out for delivery,2026-08-10 09:58:13,,,,Limo,134770,-
PKG-668AB1,DRV_41,Out for delivery,2026-08-10 07:37:28,,,,Limo,131211,-
PKG-434310,DRV_41,Out for delivery,2026-08-10 07:37:28,,,,Limo,134970,-
PKG-24F72D,DRV_41,Out for delivery,2026-08-10 09:58:13,,,,Limo,131211,-
PKG-C4DA07,DRV_41,Out for delivery,2026-08-10 07:37:28,,,,Limo,131211,-
PKG-250908,DRV_41,Out for delivery,2026-08-10 09:58:13,,,,Limo,131211,-
PKG-B41D48,DRV_41,Out for delivery,2026-08-10 09:58:13,,,,Limo,128361,-
PKG-C33F82,DRV_41,Out for delivery,2026-08-10 09:58:13,,,,Limo,134835,-
PKG-07DDD5,DRV_41,Out for delivery,2026-08-10 07:37:28,,,,Limo,131211,-
PKG-124A3E,DRV_41,Out for delivery,2026-08-10 07:37:28,,,,Limo,132537,-
PKG-B64784,DRV_41,Out for delivery,2026-08-10 09:58:13,,,,Limo,142511,-
PKG-95002F,DRV_41,Out for delivery,2026-08-10 07:37:28,,,,Limo,128361,-
PKG-C68FA8,DRV_41,Out for delivery,2026-08-10 07:37:28,,,,Limo,128361,-
PKG-5D6A04,DRV_41,Out for delivery,2026-08-10 07:37:28,,,,Limo,129270,-
PKG-C8B6AA,DRV_41,Out for delivery,2026-08-10 07:37:28,,,,Limo,131211,-
PKG-622798,DRV_41,Out for delivery,2026-08-10 07:37:28,,,,Limo,142612,-
PKG-7398BA,DRV_41,Out for delivery,2026-08-10 07:37:28,,,,Limo,128361,-
PKG-048749,DRV_41,Out for delivery,2026-08-10 07:37:28,,,,Limo,135340,-
PKG-7F05C4,DRV_41,Out for delivery,2026-08-10 07:37:28,,,,Limo,142511,-
PKG-4F412A,DRV_41,Out for delivery,2026-08-10 07:37:28,,,,Limo,129786,-
PKG-FE8806,DRV_41,Out for delivery,2026-08-10 07:37:28,,,,Limo,129786,-
PKG-1AB639,DRV_41,Out for delivery,2026-08-10 07:37:28,,,,Limo,131211,-
PKG-D83C14,DRV_41,Out for delivery,2026-08-10 09:58:13,,,,Limo,129786,-
PKG-DBE29C,DRV_41,Out for delivery,2026-08-10 07:37:28,,,,Limo,128361,-
PKG-3F7D5F,DRV_41,Out for delivery,2026-08-10 07:37:28,,,,Limo,134734,-
PKG-4C4740,DRV_41,Out for delivery,2026-08-10 09:58:13,,,,Limo,131211,-
PKG-423AC1,DRV_41,Out for delivery,2026-08-10 09:58:13,,,,Limo,128361,-
PKG-DD36AE,DRV_41,Out for delivery,2026-08-10 09:58:13,,,,Limo,134431,-
PKG-1B8E3B,DRV_41,Out for delivery,2026-08-10 07:37:28,,,,Limo,128361,-
PKG-630A6E,DRV_41,Out for delivery,2026-08-10 07:37:28,,,,Limo,128361,-
PKG-2B6C62,DRV_41,Out for delivery,2026-08-10 09:58:13,,,,Limo,131211,-
PKG-A6BDF1,DRV_41,Out for delivery,2026-08-10 07:37:28,,,,Limo,128361,-
PKG-7C1DD5,DRV_41,Out for delivery,2026-08-10 07:37:28,,,,Limo,131211,-
PKG-71B41A,DRV_41,Out for delivery,2026-08-10 07:37:28,,,,Limo,134532,-
PKG-B66F3B,DRV_41,Out for delivery,2026-08-10 09:58:13,,,,Limo,131211,-
PKG-D0137B,DRV_41,Out for delivery,2026-08-10 07:37:28,,,,Limo,129786,-
PKG-1C9B12,DRV_41,Out for delivery,2026-08-10 09:58:13,,,,Limo,129786,-
PKG-734946,DRV_41,Out for delivery,2026-08-10 07:37:28,,,,Limo,132322,-
PKG-DDAE67,DRV_41,Out for delivery,2026-08-10 09:58:13,,,,Limo,128361,-
PKG-B925BF,DRV_41,Out for delivery,2026-08-10 09:58:13,,,,Limo,128361,-
PKG-6BB937,DRV_41,Out for delivery,2026-08-10 07:37:28,,,,Limo,128361,-
PKG-F0D635,DRV_41,Out for delivery,2026-08-10 09:58:13,,,,Limo,134627,-
PKG-EB9083,DRV_41,Out for delivery,2026-08-10 07:37:28,,,,Limo,128361,-
PKG-6F4BE7,DRV_41,Out for delivery,2026-08-10 09:58:13,,,,Limo,128361,-
PKG-DB6C25,DRV_41,Out for delivery,2026-08-10 09:58:13,,,,Limo,131211,-
PKG-8DDF66,DRV_41,Out for delivery,2026-08-10 07:37:28,,,,Limo,129270,-
PKG-F54C13,DRV_41,Out for delivery,2026-08-10 09:58:13,,,,Limo,137282,-
PKG-D519B9,DRV_41,Out for delivery,2026-08-10 09:58:13,,,,Limo,131211,-
PKG-D14EB8,DRV_41,Out for delivery,2026-08-10 09:58:13,,,,Limo,129989,-
PKG-4E3545,DRV_41,Out for delivery,2026-08-10 09:58:13,,,,Limo,142612,-
PKG-E249E7,DRV_41,Out for delivery,2026-08-10 09:58:13,,,,Limo,128361,-
PKG-B11DF0,DRV_41,Out for delivery,2026-08-10 10:36:17,,,,Limo,136912,-
PKG-024D34,DRV_41,Out for delivery,2026-08-10 09:58:13,,,,Limo,143723,-
PKG-A81BDA,DRV_41,Out for delivery,2026-08-10 07:37:28,,,,Limo,134061,-
PKG-AB6A1E,DRV_41,Out for delivery,2026-08-10 09:58:13,,,,Limo,125846,-
PKG-FA4973,DRV_41,Out for delivery,2026-08-10 09:58:13,,,,Limo,129786,-
PKG-700826,DRV_41,Out for delivery,2026-08-10 09:58:13,,,,Limo,131211,-
PKG-8C862B,DRV_41,Out for delivery,2026-08-10 07:37:28,,,,Limo,131211,-
PKG-984966,DRV_41,Out for delivery,2026-08-10 07:37:28,,,,Limo,132512,-
PKG-B8C2BE,DRV_41,Out for delivery,2026-08-10 07:37:28,,,,Limo,131211,-
PKG-0C02BF,DRV_41,Out for delivery,2026-08-10 07:37:28,,,,Limo,131211,-
PKG-B1C6BF,DRV_41,Out for delivery,2026-08-10 09:58:13,,,,Limo,128361,-
PKG-927719,DRV_41,Out for delivery,2026-08-10 07:37:28,,,,Limo,131211,-
PKG-E32DC3,DRV_41,Out for delivery,2026-08-10 07:37:28,,,,Limo,131211,-
PKG-B11286,DRV_41,Out for delivery,2026-08-10 07:37:28,,,,Limo,131211,-
PKG-862FD2,DRV_41,Out for delivery,2026-08-10 07:37:28,,,,Limo,128361,-
PKG-546C9B,DRV_41,Out for delivery,2026-08-10 09:58:13,,,,Limo,131860,-
PKG-D7B4FA,DRV_41,Out for delivery,2026-08-10 09:58:13,,,,Limo,131211,-
PKG-45179C,DRV_41,Out for delivery,2026-08-10 07:37:28,,,,Limo,131211,-
PKG-5D79D5,DRV_41,Out for delivery,2026-08-10 07:37:28,,,,Limo,128361,-
PKG-3451F1,DRV_41,Out for delivery,2026-08-10 09:58:13,,,,Limo,135637,-
PKG-7CDF83,DRV_41,Out for delivery,2026-08-10 09:58:13,,,,Limo,131211,-
PKG-2BA8BF,DRV_41,Out for delivery,2026-08-10 09:58:13,,,,Limo,131211,-
PKG-7E1C22,DRV_41,Out for delivery,2026-08-10 07:37:28,,,,Limo,128361,-
PKG-25FBB4,DRV_41,Out for delivery,2026-08-10 07:37:28,,,,Limo,131211,-
PKG-2C337A,DRV_41,Out for delivery,2026-08-10 07:37:28,,,,Limo,128361,-
PKG-0A0A31,DRV_41,Out for delivery,2026-08-10 07:37:28,,,,Limo,134061,-
PKG-9BB885,DRV_41,Out for delivery,2026-08-10 07:37:28,,,,Limo,142612,-
PKG-4B7968,DRV_41,Out for delivery,2026-08-10 09:58:13,,,,Limo,134532,-
PKG-D1BAEC,DRV_41,Out for delivery,2026-08-10 07:37:28,,,,Limo,131211,-
PKG-A8633A,DRV_41,Out for delivery,2026-08-10 07:37:28,,,,Limo,131211,-
PKG-D7C1E8,DRV_41,Out for delivery,2026-08-10 07:37:28,,,,Limo,134295,-
PKG-068C7A,DRV_41,Out for delivery,2026-08-10 07:37:28,,,,Limo,144127,-
PKG-A3A9B5,DRV_41,Out for delivery,2026-08-10 09:58:13,,,,Limo,128361,-
PKG-459542,DRV_41,Out for delivery,2026-08-10 07:37:28,,,,Limo,131211,-
PKG-FA66F0,DRV_41,Out for delivery,2026-08-10 07:37:28,,,,Limo,131211,-
PKG-C80044,DRV_41,Out for delivery,2026-08-10 07:37:28,,,,Limo,131211,-
PKG-C9046E,DRV_41,Out for delivery,2026-08-10 07:37:28,,,,Limo,131211,-
PKG-A45BBE,DRV_41,Out for delivery,2026-08-10 07:37:28,,,,Limo,134229,-
PKG-E50441,DRV_41,Out for delivery,2026-08-10 09:58:13,,,,Limo,142612,-
PKG-E7E2BB,DRV_41,Out for delivery,2026-08-10 07:37:28,,,,Limo,131211,-
PKG-8047D7,DRV_41,Out for delivery,2026-08-10 07:37:28,,,,Limo,131211,-
PKG-1BBCC8,DRV_41,Out for delivery,2026-08-10 09:58:13,,,,Limo,128361,-
PKG-170AFA,DRV_41,Out for delivery,2026-08-10 07:37:28,,,,Limo,128361,-
PKG-E0A560,DRV_41,Out for delivery,2026-08-10 07:37:28,,,,Limo,142612,-
PKG-115CF5,DRV_41,Out for delivery,2026-08-10 09:58:13,,,,Limo,142612,-
PKG-364AE3,DRV_41,Out for delivery,2026-08-10 07:37:28,,,,Limo,145068,-
PKG-9AB143,DRV_41,Out for delivery,2026-08-10 07:37:28,,,,Limo,138168,-
PKG-230635,DRV_41,Out for delivery,2026-08-10 09:58:13,,,,Limo,137251,-
PKG-86652D,DRV_41,Out for delivery,2026-08-10 07:37:28,,,,Limo,144870,-
PKG-33A7E7,DRV_41,Out for delivery,2026-08-10 07:37:28,,,,Limo,137481,-
PKG-535AC0,DRV_41,Out for delivery,2026-08-10 09:58:13,,,,Limo,144870,-
PKG-63D21B,DRV_41,Out for delivery,2026-08-10 07:37:28,,,,Limo,144870,-
PKG-8922BF,DRV_41,Out for delivery,2026-08-10 07:37:28,,,,Limo,140895,-
PKG-65FFB7,DRV_41,Out for delivery,2026-08-10 09:58:13,,,,Limo,149177,-
PKG-0FAD5D,DRV_41,Out for delivery,2026-08-10 07:37:28,,,,Limo,140015,-
PKG-20078A,DRV_41,Out for delivery,2026-08-10 07:37:28,,,,Limo,144769,-
PKG-938FB2,DRV_41,Out for delivery,2026-08-10 07:37:28,,,,Limo,134203,-
PKG-7F69E7,DRV_41,Out for delivery,2026-08-10 07:37:28,,,,Limo,145763,-
PKG-D470A2,DRV_41,Out for delivery,2026-08-10 09:58:13,,,,Limo,141723,-
PKG-1ACB73,DRV_41,Out for delivery,2026-08-10 09:58:13,,,,Limo,140895,-
PKG-49A92A,DRV_41,Out for delivery,2026-08-10 07:37:28,,,,Limo,144870,-
PKG-FE195B,DRV_41,Out for delivery,2026-08-10 09:58:13,,,,Limo,134203,-
PKG-BFD9E7,DRV_41,Out for delivery,2026-08-10 07:37:28,,,,Limo,144870,-
PKG-AF9BF8,DRV_41,Out for delivery,2026-08-10 07:37:28,,,,Limo,142083,-
PKG-59A4D8,DRV_41,Out for delivery,2026-08-10 07:37:28,,,,Limo,141723,-
PKG-7DB61B,DRV_41,Out for delivery,2026-08-10 07:37:28,,,,Limo,140539,-
PKG-B40BF6,DRV_41,Out for delivery,2026-08-10 12:27:00,,,,Pancoran Mas,132680,-
PKG-070687,DRV_41,Out for delivery,2026-08-10 07:37:28,,,,Limo,143297,-
PKG-841C07,DRV_41,Out for delivery,2026-08-10 07:37:28,,,,Limo,144870,-
PKG-0CB2CB,DRV_41,Out for delivery,2026-08-10 12:27:00,,,,Pancoran Mas,134203,-
PKG-22E7B0,DRV_41,Out for delivery,2026-08-10 09:58:13,,,,Limo,140689,-
PKG-0BB411,DRV_41,Out for delivery,2026-08-10 07:37:28,,,,Limo,141339,-
PKG-3C5FA5,DRV_41,Out for delivery,2026-08-10 07:37:28,,,,Limo,144870,-
PKG-802930,DRV_41,Out for delivery,2026-08-10 09:58:13,,,,Limo,144870,-
PKG-CD1EEE,DRV_41,Out for delivery,2026-08-10 07:37:28,,,,Limo,137308,-
PKG-F6DFED,DRV_41,Out for delivery,2026-08-10 09:58:13,,,,Limo,141723,-
PKG-1CE174,DRV_41,Out for delivery,2026-08-10 07:37:28,,,,Limo,144870,-
PKG-0EECD8,DRV_41,Out for delivery,2026-08-10 07:37:28,,,,Limo,143297,-
PKG-E50929,DRV_41,Out for delivery,2026-08-10 07:37:28,,,,Limo,145910,-
PKG-3C2493,DRV_41,Out for delivery,2026-08-10 09:58:13,,,,Limo,138917,-
PKG-FC42C8,DRV_41,Out for delivery,2026-08-10 12:27:00,,,,Limo,144208,-
PKG-0916F6,DRV_41,Out for delivery,2026-08-10 09:58:13,,,,Limo,140895,-
PKG-6E8FB3,DRV_41,Out for delivery,2026-08-10 07:37:28,,,,Pancoran Mas,137051,-
