ofd_date,Driver_ID,Zone,Tipe,total,delivered,ongoing,failed
2026-10-01,DRV_02,Grogol,Mitra LM 2W,119,119,0,0
2026-10-01,DRV_04,Limo,Mitra LM 2W,78,78,0,0
2026-10-01,DRV_05,GANDUL,Mitra LM 2W,93,93,0,0
2026-10-01,DRV_06,Grogol,Mitra LM 2W,110,110,0,0
2026-10-01,DRV_07,CINERE,Mitra LM 2W,119,119,0,0
2026-10-01,DRV_08,CINERE,Mitra LM 2W,90,90,0,0
2026-10-01,DRV_10,Meruyung,Mitra LM 2W,83,83,0,0
2026-10-01,DRV_12,Pangkalan Jati Baru,Mitra LM 2W,146,146,0,0
2026-10-01,DRV_13,CINERE,Mitra LM 2W,99,99,0,0
2026-10-01,DRV_14,CINERE,Dedicated LM 2W,140,140,0,0
2026-10-01,DRV_15,Krukut,Mitra LM 2W,100,100,0,0
2026-10-01,DRV_16,Meruyung,Mitra LM 2W,80,80,0,0
2026-10-01,DRV_17,Krukut,Dedicated LM 2W,136,136,0,0
2026-10-01,DRV_18,Meruyung,Mitra LM 2W,119,119,0,0
2026-10-01,DRV_19,Meruyung,Mitra LM 2W,45,45,0,0
2026-10-01,DRV_20,Krukut,Mitra LM 2W,72,72,0,0
2026-10-01,DRV_22,Limo,Mitra LM 2W,102,102,0,0
2026-10-01,DRV_24,GANDUL,Mitra LM 2W,92,92,0,0
2026-10-01,DRV_26,Pangkalan Jati Baru,Mitra LM 2W,75,75,0,0
2026-10-01,DRV_27,Grogol,Mitra LM 2W,127,127,0,0
2026-10-01,DRV_28,Pangkalan Jati Lama,Mitra LM 2W,106,106,0,0
2026-10-01,DRV_30,Meruyung,Mitra LM 2W,123,123,0,0
2026-10-01,DRV_31,Krukut,Mitra LM 2W,70,70,0,0
2026-10-01,DRV_32,CINERE,Mitra LM 2W,94,94,0,0
2026-10-01,DRV_33,CINERE,Dedicated LM 2W,120,120,0,0
2026-10-01,DRV_34,Limo,Mitra LM 2W,118,118,0,0
2026-10-01,DRV_35,CINERE,Dedicated LM 2W,131,131,0,0
2026-10-01,DRV_36,CINERE,Mitra LM 2W,88,88,0,0
2026-10-01,DRV_37,Grogol,Mitra LM 2W,115,115,0,0
2026-10-01,DRV_38,Grogol,Mitra LM 2W,121,121,0,0
2026-10-01,DRV_39,Pangkalan Jati Lama,Dedicated LM 2W,129,129,0,0
2026-10-01,DRV_42,Grogol,Mitra LM 2W,88,88,0,0
2026-10-01,DRV_43,Meruyung,Mitra LM 2W,110,110,0,0
2026-10-01,DRV_44,Pangkalan Jati Lama,Dedicated LM 2W,138,138,0,0
2026-10-01,DRV_45,Krukut,Mitra LM 2W,79,79,0,0
2026-10-01,DRV_46,Pangkalan Jati Lama,Mitra LM 2W,24,24,0,0
2026-10-01,DRV_47,Limo,Dedicated LM 2W,140,140,0,0
2026-10-01,DRV_48,Pangkalan Jati Baru,Mitra LM 2W,23,23,0,0
2026-10-01,DRV_50,Pangkalan Jati Baru,Dedicated LM 2W,139,139,0,0
2026-10-01,DRV_51,GANDUL,Mitra LM 2W,138,138,0,0
2026-10-01,DRV_52,Grogol,Dedicated LM 2W,130,130,0,0
2026-10-01,DRV_54,GANDUL,Dedicated LM 2W,133,133,0,0
2026-10-01,DRV_57,Pangkalan Jati Lama,Mitra LM 2W,21,21,0,0
2026-10-01,DRV_58,Krukut,Mitra LM 2W,98,98,0,0
2026-10-02,DRV_02,Grogol,Mitra LM 2W,93,93,0,0
2026-10-02,DRV_03,GANDUL,Mitra LM 2W,131,131,0,0
2026-10-02,DRV_05,GANDUL,Mitra LM 2W,100,100,0,0
2026-10-02,DRV_07,CINERE,Mitra LM 2W,49,49,0,0
2026-10-02,DRV_08,CINERE,Mitra LM 2W,83,83,0,0
2026-10-02,DRV_10,Meruyung,Mitra LM 2W,67,67,0,0
2026-10-02,DRV_11,Grogol,Mitra LM 2W,147,147,0,0
2026-10-02,DRV_13,CINERE,Mitra LM 2W,36,36,0,0
2026-10-02,DRV_14,CINERE,Dedicated LM 2W,140,140,0,0
2026-10-02,DRV_15,Krukut,Mitra LM 2W,131,131,0,0
2026-10-02,DRV_16,Meruyung,Mitra LM 2W,97,97,0,0
2026-10-02,DRV_17,Krukut,Dedicated LM 2W,182,182,0,0
2026-10-02,DRV_18,Meruyung,Mitra LM 2W,95,95,0,0
2026-10-02,DRV_19,Meruyung,Mitra LM 2W,78,78,0,0
2026-10-02,DRV_20,Krukut,Mitra LM 2W,38,38,0,0
2026-10-02,DRV_21,Grogol,Dedicated LM 2W,133,133,0,0
2026-10-02,DRV_22,Limo,Mitra LM 2W,88,88,0,0
2026-10-02,DRV_23,Meruyung,Mitra LM 2W,71,71,0,0
2026-10-02,DRV_24,GANDUL,Mitra LM 2W,154,154,0,0
2026-10-02,DRV_25,CINERE,Mitra LM 2W,94,94,0,0
2026-10-02,DRV_26,Pangkalan Jati Baru,Mitra LM 2W,114,114,0,0
2026-10-02,DRV_27,Grogol,Mitra LM 2W,101,101,0,0
2026-10-02,DRV_28,Pangkalan Jati Lama,Mitra LM 2W,115,115,0,0
2026-10-02,DRV_29,CINERE,Mitra LM 2W,64,64,0,0
2026-10-02,DRV_30,Meruyung,Mitra LM 2W,103,103,0,0
2026-10-02,DRV_31,Krukut,Mitra LM 2W,68,68,0,0
2026-10-02,DRV_33,CINERE,Dedicated LM 2W,149,149,0,0
2026-10-02,DRV_34,Limo,Mitra LM 2W,114,114,0,0
2026-10-02,DRV_35,CINERE,Dedicated LM 2W,132,132,0,0
2026-10-02,DRV_36,CINERE,Mitra LM 2W,103,103,0,0
2026-10-02,DRV_37,Grogol,Mitra LM 2W,64,64,0,0
2026-10-02,DRV_38,Grogol,Mitra LM 2W,136,136,0,0
2026-10-02,DRV_39,Pangkalan Jati Lama,Dedicated LM 2W,130,130,0,0
2026-10-02,DRV_40,Grogol,Dedicated LM 2W,132,132,0,0
2026-10-02,DRV_42,Grogol,Mitra LM 2W,131,131,0,0
2026-10-02,DRV_43,Meruyung,Mitra LM 2W,70,70,0,0
2026-10-02,DRV_44,Pangkalan Jati Lama,Dedicated LM 2W,140,140,0,0
2026-10-02,DRV_45,Krukut,Mitra LM 2W,85,85,0,0
2026-10-02,DRV_46,Pangkalan Jati Lama,Mitra LM 2W,57,57,0,0
2026-10-02,DRV_47,Limo,Dedicated LM 2W,159,159,0,0
2026-10-02,DRV_48,Pangkalan Jati Baru,Mitra LM 2W,56,56,0,0
2026-10-02,DRV_49,Limo,Mitra LM 2W,101,101,0,0
2026-10-02,DRV_50,Pangkalan Jati Baru,Dedicated LM 2W,156,156,0,0
2026-10-02,DRV_54,GANDUL,Dedicated LM 2W,132,132,0,0
2026-10-02,DRV_55,CINERE,Mitra LM 2W,69,69,0,0
2026-10-02,DRV_56,Pangkalan Jati Baru,Mitra LM 2W,74,74,0,0
2026-10-02,DRV_58,Krukut,Mitra LM 2W,95,95,0,0
2026-10-03,DRV_02,Grogol,Mitra LM 2W,70,70,0,0
2026-10-03,DRV_03,GANDUL,Mitra LM 2W,131,131,0,0
2026-10-03,DRV_04,Limo,Mitra LM 2W,68,68,0,0
2026-10-03,DRV_06,Grogol,Mitra LM 2W,71,71,0,0
2026-10-03,DRV_08,CINERE,Mitra LM 2W,53,53,0,0
2026-10-03,DRV_10,Meruyung,Mitra LM 2W,42,42,0,0
2026-10-03,DRV_11,Grogol,Mitra LM 2W,84,84,0,0
2026-10-03,DRV_12,Pangkalan Jati Baru,Mitra LM 2W,176,176,0,0
2026-10-03,DRV_14,CINERE,Dedicated LM 2W,125,125,0,0
2026-10-03,DRV_15,Krukut,Mitra LM 2W,82,82,0,0
2026-10-03,DRV_16,Meruyung,Mitra LM 2W,112,112,0,0
2026-10-03,DRV_17,Krukut,Dedicated LM 2W,137,137,0,0
2026-10-03,DRV_18,Meruyung,Mitra LM 2W,99,99,0,0
2026-10-03,DRV_19,Meruyung,Mitra LM 2W,78,78,0,0
2026-10-03,DRV_20,Krukut,Mitra LM 2W,80,80,0,0
2026-10-03,DRV_21,Grogol,Dedicated LM 2W,121,121,0,0
2026-10-03,DRV_22,Limo,Mitra LM 2W,84,84,0,0
2026-10-03,DRV_23,Meruyung,Mitra LM 2W,90,90,0,0
2026-10-03,DRV_25,CINERE,Mitra LM 2W,40,40,0,0
2026-10-03,DRV_26,Pangkalan Jati Baru,Mitra LM 2W,81,81,0,0
2026-10-03,DRV_28,Pangkalan Jati Lama,Mitra LM 2W,108,108,0,0
2026-10-03,DRV_29,CINERE,Mitra LM 2W,96,96,0,0
2026-10-03,DRV_31,Krukut,Mitra LM 2W,66,66,0,0
2026-10-03,DRV_32,CINERE,Mitra LM 2W,91,91,0,0
2026-10-03,DRV_33,CINERE,Dedicated LM 2W,124,124,0,0
2026-10-03,DRV_35,CINERE,Dedicated LM 2W,134,134,0,0
2026-10-03,DRV_36,CINERE,Mitra LM 2W,77,77,0,0
2026-10-03,DRV_37,Grogol,Mitra LM 2W,82,82,0,0
2026-10-03,DRV_38,Grogol,Mitra LM 2W,112,112,0,0
2026-10-03,DRV_40,Grogol,Dedicated LM 2W,122,122,0,0
2026-10-03,DRV_43,Meruyung,Mitra LM 2W,79,79,0,0
2026-10-03,DRV_44,Pangkalan Jati Lama,Dedicated LM 2W,122,122,0,0
2026-10-03,DRV_45,Krukut,Mitra LM 2W,90,90,0,0
2026-10-03,DRV_46,Pangkalan Jati Lama,Mitra LM 2W,86,86,0,0
2026-10-03,DRV_47,Limo,Dedicated LM 2W,120,120,0,0
2026-10-03,DRV_48,Pangkalan Jati Baru,Mitra LM 2W,17,17,0,0
2026-10-03,DRV_49,Limo,Mitra LM 2W,100,100,0,0
2026-10-03,DRV_50,Pangkalan Jati Baru,Dedicated LM 2W,130,130,0,0
2026-10-03,DRV_51,GANDUL,Mitra LM 2W,106,106,0,0
2026-10-03,DRV_52,Grogol,Dedicated LM 2W,123,123,0,0
2026-10-03,DRV_54,GANDUL,Dedicated LM 2W,156,156,0,0
2026-10-03,DRV_55,CINERE,Mitra LM 2W,125,125,0,0
2026-10-03,DRV_56,Pangkalan Jati Baru,Mitra LM 2W,94,94,0,0
2026-10-03,DRV_57,Pangkalan Jati Lama,Mitra LM 2W,67,67,0,0
2026-10-04,DRV_02,Grogol,Mitra LM 2W,74,74,0,0
2026-10-04,DRV_03,GANDUL,Mitra LM 2W,109,109,0,0
2026-10-04,DRV_04,Limo,Mitra LM 2W,69,69,0,0
2026-10-04,DRV_05,GANDUL,Mitra LM 2W,49,49,0,0
2026-10-04,DRV_06,Grogol,Mitra LM 2W,133,133,0,0
2026-10-04,DRV_07,CINERE,Mitra LM 2W,120,120,0,0
2026-10-04,DRV_10,Meruyung,Mitra LM 2W,127,127,0,0
2026-10-04,DRV_12,Pangkalan Jati Baru,Mitra LM 2W,131,131,0,0
2026-10-04,DRV_13,CINERE,Mitra LM 2W,94,94,0,0
2026-10-04,DRV_17,Krukut,Dedicated LM 2W,142,142,0,0
2026-10-04,DRV_20,Krukut,Mitra LM 2W,57,57,0,0
2026-10-04,DRV_21,Grogol,Dedicated LM 2W,124,124,0,0
2026-10-04,DRV_22,Limo,Mitra LM 2W,40,40,0,0
2026-10-04,DRV_23,Meruyung,Mitra LM 2W,113,113,0,0
2026-10-04,DRV_24,GANDUL,Mitra LM 2W,135,135,0,0
2026-10-04,DRV_25,CINERE,Mitra LM 2W,82,82,0,0
2026-10-04,DRV_27,Grogol,Mitra LM 2W,71,71,0,0
2026-10-04,DRV_28,Pangkalan Jati Lama,Mitra LM 2W,117,117,0,0
2026-10-04,DRV_29,CINERE,Mitra LM 2W,98,98,0,0
2026-10-04,DRV_30,Meruyung,Mitra LM 2W,131,131,0,0
2026-10-04,DRV_31,Krukut,Mitra LM 2W,120,120,0,0
2026-10-04,DRV_32,CINERE,Mitra LM 2W,134,134,0,0
2026-10-04,DRV_34,Limo,Mitra LM 2W,93,93,0,0
2026-10-04,DRV_35,CINERE,Dedicated LM 2W,126,126,0,0
2026-10-04,DRV_36,CINERE,Mitra LM 2W,152,152,0,0
2026-10-04,DRV_37,Grogol,Mitra LM 2W,72,72,0,0
2026-10-04,DRV_39,Pangkalan Jati Lama,Dedicated LM 2W,122,122,0,0
2026-10-04,DRV_40,Grogol,Dedicated LM 2W,120,120,0,0
2026-10-04,DRV_42,Grogol,Mitra LM 2W,74,74,0,0
2026-10-04,DRV_43,Meruyung,Mitra LM 2W,158,158,0,0
2026-10-04,DRV_45,Krukut,Mitra LM 2W,101,101,0,0
2026-10-04,DRV_46,Pangkalan Jati Lama,Mitra LM 2W,77,77,0,0
2026-10-04,DRV_47,Limo,Dedicated LM 2W,130,130,0,0
2026-10-04,DRV_49,Limo,Mitra LM 2W,79,79,0,0
2026-10-04,DRV_50,Pangkalan Jati Baru,Dedicated LM 2W,155,155,0,0
2026-10-04,DRV_51,GANDUL,Mitra LM 2W,71,71,0,0
2026-10-04,DRV_52,Grogol,Dedicated LM 2W,124,124,0,0
2026-10-04,DRV_54,GANDUL,Dedicated LM 2W,121,121,0,0
2026-10-04,DRV_56,Pangkalan Jati Baru,Mitra LM 2W,90,90,0,0
2026-10-04,DRV_57,Pangkalan Jati Lama,Mitra LM 2W,86,86,0,0
2026-10-04,DRV_58,Krukut,Mitra LM 2W,101,101,0,0
2026-10-05,DRV_02,Grogol,Mitra LM 2W,208,208,0,0
2026-10-05,DRV_03,GANDUL,Mitra LM 2W,82,82,0,0
2026-10-05,DRV_04,Limo,Mitra LM 2W,117,117,0,0
2026-10-05,DRV_05,GANDUL,Mitra LM 2W,55,55,0,0
2026-10-05,DRV_07,CINERE,Mitra LM 2W,109,109,0,0
2026-10-05,DRV_08,CINERE,Mitra LM 2W,57,57,0,0
2026-10-05,DRV_12,Pangkalan Jati Baru,Mitra LM 2W,122,122,0,0
2026-10-05,DRV_14,CINERE,Dedicated LM 2W,101,101,0,0
2026-10-05,DRV_15,Krukut,Mitra LM 2W,110,110,0,0
2026-10-05,DRV_16,Meruyung,Mitra LM 2W,114,114,0,0
2026-10-05,DRV_19,Meruyung,Mitra LM 2W,102,102,0,0
2026-10-05,DRV_20,Krukut,Mitra LM 2W,97,97,0,0
2026-10-05,DRV_21,Grogol,Dedicated LM 2W,135,135,0,0
2026-10-05,DRV_23,Meruyung,Mitra LM 2W,71,71,0,0
2026-10-05,DRV_24,GANDUL,Mitra LM 2W,71,71,0,0
2026-10-05,DRV_26,Pangkalan Jati Baru,Mitra LM 2W,129,129,0,0
2026-10-05,DRV_27,Grogol,Mitra LM 2W,80,80,0,0
2026-10-05,DRV_29,CINERE,Mitra LM 2W,73,73,0,0
2026-10-05,DRV_30,Meruyung,Mitra LM 2W,98,98,0,0
2026-10-05,DRV_32,CINERE,Mitra LM 2W,75,75,0,0
2026-10-05,DRV_33,CINERE,Dedicated LM 2W,124,124,0,0
2026-10-05,DRV_34,Limo,Mitra LM 2W,95,95,0,0
2026-10-05,DRV_35,CINERE,Dedicated LM 2W,50,50,0,0
2026-10-05,DRV_39,Pangkalan Jati Lama,Dedicated LM 2W,71,71,0,0
2026-10-05,DRV_40,Grogol,Dedicated LM 2W,85,85,0,0
2026-10-05,DRV_42,Grogol,Mitra LM 2W,98,98,0,0
2026-10-05,DRV_44,Pangkalan Jati Lama,Dedicated LM 2W,74,74,0,0
2026-10-05,DRV_45,Krukut,Mitra LM 2W,108,108,0,0
2026-10-05,DRV_46,Pangkalan Jati Lama,Mitra LM 2W,97,97,0,0
2026-10-05,DRV_48,Pangkalan Jati Baru,Mitra LM 2W,91,91,0,0
2026-10-05,DRV_49,Limo,Mitra LM 2W,101,101,0,0
2026-10-05,DRV_51,GANDUL,Mitra LM 2W,97,96,0,0
2026-10-05,DRV_52,Grogol,Dedicated LM 2W,123,123,0,0
2026-10-05,DRV_57,Pangkalan Jati Lama,Mitra LM 2W,57,57,0,0
2026-10-05,DRV_58,Krukut,Mitra LM 2W,92,92,0,0
2026-10-06,DRV_02,Grogol,Mitra LM 2W,115,115,0,0
2026-10-06,DRV_03,GANDUL,Mitra LM 2W,115,115,0,0
2026-10-06,DRV_04,Limo,Mitra LM 2W,73,73,0,0
2026-10-06,DRV_05,GANDUL,Mitra LM 2W,63,63,0,0
2026-10-06,DRV_06,Grogol,Mitra LM 2W,106,106,0,0
2026-10-06,DRV_07,CINERE,Mitra LM 2W,71,71,0,0
2026-10-06,DRV_08,CINERE,Mitra LM 2W,66,66,0,0
2026-10-06,DRV_10,Meruyung,Mitra LM 2W,95,95,0,0
2026-10-06,DRV_11,Grogol,Mitra LM 2W,100,100,0,0
2026-10-06,DRV_12,Pangkalan Jati Baru,Mitra LM 2W,133,133,0,0
2026-10-06,DRV_14,CINERE,Dedicated LM 2W,146,146,0,0
2026-10-06,DRV_15,Krukut,Mitra LM 2W,109,109,0,0
2026-10-06,DRV_16,Meruyung,Mitra LM 2W,130,130,0,0
2026-10-06,DRV_17,Krukut,Dedicated LM 2W,178,178,0,0
2026-10-06,DRV_18,Meruyung,Mitra LM 2W,125,125,0,0
2026-10-06,DRV_19,Meruyung,Mitra LM 2W,64,64,0,0
2026-10-06,DRV_20,Krukut,Mitra LM 2W,66,66,0,0
2026-10-06,DRV_21,Grogol,Dedicated LM 2W,147,147,0,0
2026-10-06,DRV_22,Limo,Mitra LM 2W,99,99,0,0
2026-10-06,DRV_23,Meruyung,Mitra LM 2W,69,69,0,0
2026-10-06,DRV_24,GANDUL,Mitra LM 2W,163,163,0,0
2026-10-06,DRV_25,CINERE,Mitra LM 2W,43,43,0,0
2026-10-06,DRV_26,Pangkalan Jati Baru,Mitra LM 2W,79,79,0,0
2026-10-06,DRV_27,Grogol,Mitra LM 2W,125,125,0,0
2026-10-06,DRV_28,Pangkalan Jati Lama,Mitra LM 2W,137,137,0,0
2026-10-06,DRV_29,CINERE,Mitra LM 2W,100,100,0,0
2026-10-06,DRV_30,Meruyung,Mitra LM 2W,92,92,0,0
2026-10-06,DRV_31,Krukut,Mitra LM 2W,94,94,0,0
2026-10-06,DRV_32,CINERE,Mitra LM 2W,117,117,0,0
2026-10-06,DRV_33,CINERE,Dedicated LM 2W,146,146,0,0
2026-10-06,DRV_34,Limo,Mitra LM 2W,98,98,0,0
2026-10-06,DRV_35,CINERE,Dedicated LM 2W,142,142,0,0
2026-10-06,DRV_36,CINERE,Mitra LM 2W,106,106,0,0
2026-10-06,DRV_37,Grogol,Mitra LM 2W,88,88,0,0
2026-10-06,DRV_38,Grogol,Mitra LM 2W,143,143,0,0
2026-10-06,DRV_39,Pangkalan Jati Lama,Dedicated LM 2W,140,140,0,0
2026-10-06,DRV_42,Grogol,Mitra LM 2W,75,75,0,0
2026-10-06,DRV_43,Meruyung,Mitra LM 2W,68,68,0,0
2026-10-06,DRV_44,Pangkalan Jati Lama,Dedicated LM 2W,159,159,0,0
2026-10-06,DRV_45,Krukut,Mitra LM 2W,90,90,0,0
2026-10-06,DRV_46,Pangkalan Jati Lama,Mitra LM 2W,46,46,0,0
2026-10-06,DRV_47,Limo,Dedicated LM 2W,147,147,0,0
2026-10-06,DRV_48,Pangkalan Jati Baru,Mitra LM 2W,31,31,0,0
2026-10-06,DRV_49,Limo,Mitra LM 2W,76,76,0,0
2026-10-06,DRV_50,Pangkalan Jati Baru,Dedicated LM 2W,168,168,0,0
2026-10-06,DRV_51,GANDUL,Mitra LM 2W,83,83,0,0
2026-10-06,DRV_52,Grogol,Dedicated LM 2W,140,140,0,0
2026-10-06,DRV_54,GANDUL,Dedicated LM 2W,145,145,0,0
2026-10-06,DRV_55,CINERE,Mitra LM 2W,84,84,0,0
2026-10-06,DRV_56,Pangkalan Jati Baru,Mitra LM 2W,69,69,0,0
2026-10-06,DRV_57,Pangkalan Jati Lama,Mitra LM 2W,76,76,0,0
2026-10-06,DRV_58,Krukut,Mitra LM 2W,124,124,0,0
2026-10-07,DRV_03,GANDUL,Mitra LM 2W,112,112,0,0
2026-10-07,DRV_04,Limo,Mitra LM 2W,63,63,0,0
2026-10-07,DRV_05,GANDUL,Mitra LM 2W,79,79,0,0
2026-10-07,DRV_06,Grogol,Mitra LM 2W,112,112,0,0
2026-10-07,DRV_07,CINERE,Mitra LM 2W,78,78,0,0
2026-10-07,DRV_08,CINERE,Mitra LM 2W,60,60,0,0
2026-10-07,DRV_10,Meruyung,Mitra LM 2W,98,98,0,0
2026-10-07,DRV_11,Grogol,Mitra LM 2W,88,88,0,0
2026-10-07,DRV_12,Pangkalan Jati Baru,Mitra LM 2W,106,106,0,0
2026-10-07,DRV_13,CINERE,Mitra LM 2W,141,141,0,0
2026-10-07,DRV_14,CINERE,Dedicated LM 2W,160,160,0,0
2026-10-07,DRV_15,Krukut,Mitra LM 2W,119,119,0,0
2026-10-07,DRV_16,Meruyung,Mitra LM 2W,92,92,0,0
2026-10-07,DRV_17,Krukut,Dedicated LM 2W,174,174,0,0
2026-10-07,DRV_18,Meruyung,Mitra LM 2W,129,129,0,0
2026-10-07,DRV_19,Meruyung,Mitra LM 2W,84,84,0,0
2026-10-07,DRV_20,Krukut,Mitra LM 2W,138,138,0,0
2026-10-07,DRV_21,Grogol,Dedicated LM 2W,130,130,0,0
2026-10-07,DRV_22,Limo,Mitra LM 2W,99,99,0,0
2026-10-07,DRV_23,Meruyung,Mitra LM 2W,128,128,0,0
2026-10-07,DRV_24,GANDUL,Mitra LM 2W,140,140,0,0
2026-10-07,DRV_25,CINERE,Mitra LM 2W,59,59,0,0
2026-10-07,DRV_26,Pangkalan Jati Baru,Mitra LM 2W,132,132,0,0
2026-10-07,DRV_27,Grogol,Mitra LM 2W,114,114,0,0
2026-10-07,DRV_28,Pangkalan Jati Lama,Mitra LM 2W,133,133,0,0
2026-10-07,DRV_31,Krukut,Mitra LM 2W,102,102,0,0
2026-10-07,DRV_32,CINERE,Mitra LM 2W,104,104,0,0
2026-10-07,DRV_33,CINERE,Dedicated LM 2W,133,133,0,0
2026-10-07,DRV_34,Limo,Mitra LM 2W,105,105,0,0
2026-10-07,DRV_35,CINERE,Dedicated LM 2W,132,132,0,0
2026-10-07,DRV_36,CINERE,Mitra LM 2W,95,95,0,0
2026-10-07,DRV_37,Grogol,Mitra LM 2W,112,112,0,0
2026-10-07,DRV_38,Grogol,Mitra LM 2W,122,122,0,0
2026-10-07,DRV_39,Pangkalan Jati Lama,Dedicated LM 2W,141,141,0,0
2026-10-07,DRV_40,Grogol,Dedicated LM 2W,130,130,0,0
2026-10-07,DRV_42,Grogol,Mitra LM 2W,83,83,0,0
2026-10-07,DRV_43,Meruyung,Mitra LM 2W,114,114,0,0
2026-10-07,DRV_44,Pangkalan Jati Lama,Dedicated LM 2W,148,148,0,0
2026-10-07,DRV_45,Krukut,Mitra LM 2W,101,101,0,0
2026-10-07,DRV_47,Limo,Dedicated LM 2W,130,130,0,0
2026-10-07,DRV_48,Pangkalan Jati Baru,Mitra LM 2W,32,32,0,0
2026-10-07,DRV_49,Limo,Mitra LM 2W,94,94,0,0
2026-10-07,DRV_50,Pangkalan Jati Baru,Dedicated LM 2W,155,155,0,0
2026-10-07,DRV_51,GANDUL,Mitra LM 2W,88,88,0,0
2026-10-07,DRV_52,Grogol,Dedicated LM 2W,132,132,0,0
2026-10-07,DRV_54,GANDUL,Dedicated LM 2W,130,130,0,0
2026-10-07,DRV_55,CINERE,Mitra LM 2W,52,52,0,0
2026-10-07,DRV_56,Pangkalan Jati Baru,Mitra LM 2W,31,31,0,0
2026-10-07,DRV_57,Pangkalan Jati Lama,Mitra LM 2W,102,102,0,0
2026-10-08,DRV_02,Grogol,Mitra LM 2W,100,39,59,2
2026-10-08,DRV_03,GANDUL,Mitra LM 2W,125,49,76,0
2026-10-08,DRV_04,Limo,Mitra LM 2W,66,28,36,2
2026-10-08,DRV_05,GANDUL,Mitra LM 2W,109,45,64,0
2026-10-08,DRV_06,Grogol,Mitra LM 2W,80,41,36,3
2026-10-08,DRV_08,CINERE,Mitra LM 2W,57,0,56,1
2026-10-08,DRV_10,Meruyung,Mitra LM 2W,75,60,11,4
2026-10-08,DRV_11,Grogol,Mitra LM 2W,92,44,48,0
2026-10-08,DRV_12,Pangkalan Jati Baru,Mitra LM 2W,189,78,110,1
2026-10-08,DRV_13,CINERE,Mitra LM 2W,60,7,52,1
2026-10-08,DRV_14,CINERE,Dedicated LM 2W,128,64,64,0
2026-10-08,DRV_15,Krukut,Mitra LM 2W,126,46,78,2
2026-10-08,DRV_16,Meruyung,Mitra LM 2W,91,35,56,0
2026-10-08,DRV_17,Krukut,Dedicated LM 2W,179,76,103,0
2026-10-08,DRV_18,Meruyung,Mitra LM 2W,119,55,62,2
2026-10-08,DRV_19,Meruyung,Mitra LM 2W,59,0,59,0
2026-10-08,DRV_20,Krukut,Mitra LM 2W,94,46,44,4
2026-10-08,DRV_21,Grogol,Dedicated LM 2W,125,49,76,0
2026-10-08,DRV_22,Limo,Mitra LM 2W,115,50,65,0
2026-10-08,DRV_23,Meruyung,Mitra LM 2W,103,53,49,1
2026-10-08,DRV_24,GANDUL,Mitra LM 2W,116,51,65,0
2026-10-08,DRV_25,CINERE,Mitra LM 2W,82,29,52,1
2026-10-08,DRV_26,Pangkalan Jati Baru,Mitra LM 2W,83,34,49,0
2026-10-08,DRV_28,Pangkalan Jati Lama,Mitra LM 2W,116,56,60,0
2026-10-08,DRV_29,CINERE,Mitra LM 2W,47,45,1,1
2026-10-08,DRV_31,Krukut,Mitra LM 2W,99,40,59,0
2026-10-08,DRV_32,CINERE,Mitra LM 2W,53,51,0,2
2026-10-08,DRV_33,CINERE,Dedicated LM 2W,126,58,68,0
2026-10-08,DRV_34,Limo,Mitra LM 2W,104,36,64,4
2026-10-08,DRV_35,CINERE,Dedicated LM 2W,112,62,50,0
2026-10-08,DRV_36,CINERE,Mitra LM 2W,82,35,47,0
2026-10-08,DRV_37,Grogol,Mitra LM 2W,74,33,41,0
2026-10-08,DRV_38,Grogol,Mitra LM 2W,118,58,55,5
2026-10-08,DRV_39,Pangkalan Jati Lama,Dedicated LM 2W,126,49,77,0
2026-10-08,DRV_40,Grogol,Dedicated LM 2W,146,74,72,0
2026-10-08,DRV_43,Meruyung,Mitra LM 2W,104,36,67,1
2026-10-08,DRV_44,Pangkalan Jati Lama,Dedicated LM 2W,144,65,79,0
2026-10-08,DRV_46,Pangkalan Jati Lama,Mitra LM 2W,68,18,50,0
2026-10-08,DRV_47,Limo,Dedicated LM 2W,115,43,72,0
2026-10-08,DRV_48,Pangkalan Jati Baru,Mitra LM 2W,28,0,28,0
2026-10-08,DRV_50,Pangkalan Jati Baru,Dedicated LM 2W,146,70,76,0
2026-10-08,DRV_52,Grogol,Dedicated LM 2W,124,43,80,1
2026-10-08,DRV_54,GANDUL,Dedicated LM 2W,104,59,45,0
2026-10-08,DRV_55,CINERE,Mitra LM 2W,104,62,39,3
2026-10-08,DRV_56,Pangkalan Jati Baru,Mitra LM 2W,102,48,54,0
2026-10-08,DRV_58,Krukut,Mitra LM 2W,117,54,61,2
