Driver_ID,Zone,Tipe
DRV_07,CINERE,Mitra LM 2W
DRV_08,CINERE,Mitra LM 2W
DRV_13,CINERE,Mitra LM 2W
DRV_14,CINERE,Dedicated LM 2W
DRV_25,CINERE,Mitra LM 2W
DRV_29,CINERE,Mitra LM 2W
DRV_32,CINERE,Mitra LM 2W
DRV_33,CINERE,Dedicated LM 2W
DRV_35,CINERE,Dedicated LM 2W
DRV_36,CINERE,Mitra LM 2W
DRV_55,CINERE,Mitra LM 2W
DRV_05,GANDUL,Mitra LM 2W
DRV_03,GANDUL,Mitra LM 2W
DRV_24,GANDUL,Mitra LM 2W
DRV_51,GANDUL,Mitra LM 2W
DRV_54,GANDUL,Dedicated LM 2W
DRV_09,Pangkalan Jati Baru,Mitra LM 2W
DRV_12,Pangkalan Jati Baru,Mitra LM 2W
DRV_56,Pangkalan Jati Baru,Mitra LM 2W
DRV_26,Pangkalan Jati Baru,Mitra LM 2W
DRV_48,Pangkalan Jati Baru,Mitra LM 2W
DRV_50,Pangkalan Jati Baru,Dedicated LM 2W
DRV_28,Pangkalan Jati Lama,Mitra LM 2W
DRV_57,Pangkalan Jati Lama,Mitra LM 2W
DRV_39,Pangkalan Jati Lama,Dedicated LM 2W
DRV_44,Pangkalan Jati Lama,Dedicated LM 2W
DRV_46,Pangkalan Jati Lama,Mitra LM 2W
DRV_15,Krukut,Mitra LM 2W
DRV_17,Krukut,Dedicated LM 2W
DRV_20,Krukut,Mitra LM 2W
DRV_31,Krukut,Mitra LM 2W
DRV_58,Krukut,Mitra LM 2W
DRV_45,Krukut,Mitra LM 2W
DRV_06,Grogol,Mitra LM 2W
DRV_11,Grogol,Mitra LM 2W
DRV_02,Grogol,Mitra LM 2W
DRV_21,Grogol,Dedicated LM 2W
DRV_27,Grogol,Mitra LM 2W
DRV_37,Grogol,Mitra LM 2W
DRV_38,Grogol,Mitra LM 2W
DRV_40,Grogol,Dedicated LM 2W
DRV_42,Grogol,Mitra LM 2W
DRV_52,Grogol,Dedicated LM 2W
DRV_04,Limo,Mitra LM 2W
DRV_22,Limo,Mitra LM 2W
DRV_34,Limo,Mitra LM 2W
DRV_47,Limo,Dedicated LM 2W
DRV_49,Limo,Mitra LM 2W
DRV_10,Meruyung,Mitra LM 2W
DRV_16,Meruyung,Mitra LM 2W
DRV_19,Meruyung,Mitra LM 2W
DRV_18,Meruyung,Mitra LM 2W
DRV_23,Meruyung,Mitra LM 2W
DRV_30,Meruyung,Mitra LM 2W
DRV_43,Meruyung,Mitra LM 2W
